Water.Soil.Ratio,Sample.ID,Study,Sample.Number,DNA.Extr.MicropH.MoBio,Lab.CO2.MicropH,High.CO2.MicropH,Tube.Empty.g,Moist.Soil.g,Water.Added.mL,Tube.Dry.Soil.g,Dry.Soil.g,Soil.Water.Content.mass,Target.Water.Soil.ratio,Real.Water.Soil.ratio,Error.Water.Soil.ratio,Perc.Sand,Perc.Silt,Perc.Clay,Texture.Name,OM.perc,Scoop.Density.g.4.24.cc,Soil.pH,Sikora.pH,Total.N.perc,Total.Org.C.perc,Bray.1.P.ppm,K.ppm,K.perc.CEC,AmmAcet.Ca.ppm,Ca.perc.CEC,Mg.ppm,Mg.perc.CEC,Na.ppm,Na.perc.CEC,Est.Acidity.Hplus.meq.100g,Hplus.perc.CEC,CEC.summation.meq.100g,Date.of.Collection,Station.Name,St.pH.WSS,Site.Number,Upper.Depth.cm,Lower.Depth.cm
1-to-1,1-K1-0-17,Wisconsin,1,,5.39,5.13,1.062,0.756,0.756,1.742,0.68,0.101,1,1.112,-0.112,64,25.2,10.8,Sandy Loam,2.5,4.6,4.9,6.3,0.13,1.64,99,44,1,237,12,40,3,,0,8.6,87,9,8/23/2018,Kemp,5.4,1,0,17
1-to-1,2-K1-17-45,Wisconsin,2,,5.36,5.1,1.067,0.785,0.785,1.783,0.716,0.088,1,1.096,-0.096,68,21.2,10.8,Sandy Loam,1.3,5.36,5.4,6.5,0.09,0.71,101,41,1,194,13,32,4,,0,6.1,85,6,8/23/2018,Kemp,5.4,1,17,45
1-to-1,3-K1-45-60,Wisconsin,3,,5.49,5.33,1.061,0.813,0.813,1.838,0.777,0.044,1,1.046,-0.046,72,19.2,8.8,Sandy Loam,0.4,6.28,5.6,7.1,0.08,0.11,37,26,4,327,96,58,28,,0,0,0,1,8/23/2018,Kemp,5.4,1,45,60
1-to-1,5-K3-0-15,Wisconsin,5,,5.04,4.87,1.068,0.807,0.807,1.78,0.712,0.118,1,1.133,-0.133,64,27.2,8.8,Sandy Loam,4,4.38,4.7,6.1,0.18,2.52,63,67,1,382,15,85,5,,0,10.9,84,13,8/23/2018,Kemp,5.4,3,0,15
1-to-1,6-K3-15-35,Wisconsin,6,,5.34,5.2,1.051,0.826,0.826,1.799,0.748,0.094,1,1.104,-0.104,60,31.2,8.8,Sandy Loam,1.5,5.05,5.1,6.4,0.12,0.77,40,57,2,170,11,39,4,,0,7,87,7,8/23/2018,Kemp,5.4,3,15,35
1-to-1,7-K3-35-50,Wisconsin,7,,5.32,5.15,1.056,0.76,0.76,1.768,0.712,0.063,1,1.067,-0.067,70,19.2,10.8,Sandy Loam,0.8,5.76,5.2,6.7,0.11,0.33,24,63,3,189,19,38,6,,0,4,78,4,8/23/2018,Kemp,5.4,3,35,50
1-to-1,8-K4-0-15,Wisconsin,8,,5.07,4.74,1.065,0.795,0.795,1.82,0.755,0.05,1,1.053,-0.053,78,15.2,6.8,Loamy Sand,2.5,4.89,4.5,6.1,0.13,1.63,18,42,1,122,5,22,2,,0,10.7,94,10,8/23/2018,Kemp,5.4,4,0,15
1-to-1,9-K4-15-30,Wisconsin,9,,5.22,5.15,1.064,0.859,0.859,1.872,0.808,0.059,1,1.063,-0.063,74,15.2,10.8,Sandy Loam,1.4,5.44,5,6.4,0.11,0.68,64,29,1,22,1,6,1,,0,7.3,98,6,8/23/2018,Kemp,5.4,4,15,30
1-to-1,10-K4-30-50,Wisconsin,10,,5.31,4.98,1.06,0.828,0.828,1.846,0.786,0.051,1,1.053,-0.053,72,15.2,12.8,Sandy Loam,0.8,5.51,4.4,6.5,0.11,0.34,16,23,1,22,2,5,1,,0,5.5,97,4,8/23/2018,Kemp,5.4,4,30,50
1-to-1,11-R1-0-27,Wisconsin,11,,5.9,5.79,1.067,0.796,0.796,1.844,0.777,0.024,1,1.024,-0.024,82,11.2,6.8,Loamy Sand,1.2,6.16,5.5,6.8,0.13,0.81,197,62,6,134,23,8,2,,0,2,71,2,8/24/2018,Rhinelander,5.5,1,0,27
1-to-1,12-R1-27-50,Wisconsin,12,,5.65,5.51,1.066,0.804,0.804,1.852,0.786,0.022,1,1.023,-0.023,94,1.2,4.8,Sand,0.2,6.4,5.9,7.3,0.11,0.05,39,47,23,81,77,5,8,,0,0,0,0,8/24/2018,Rhinelander,5.5,1,27,50
1-to-1,13-R1-50-70,Wisconsin,13,,5.69,5.52,1.063,0.904,0.904,1.937,0.874,0.033,1,1.034,-0.034,97.6,-0.4,2.8,Sand,0.2,6.48,5.9,7.4,0.07,0.01,25,35,28,47,72,3,8,,0,0,0,0,8/24/2018,Rhinelander,5.5,1,50,70
1-to-1,14-R2-0-30,Wisconsin,14,,6.58,6.45,1.056,0.82,0.82,1.867,0.811,0.011,1,1.011,-0.011,89.6,5.6,4.8,Sand,1.2,6.06,6.6,7.4,0.1,0.71,163,47,3,897,97,14,2,,0,0,0,3,8/24/2018,Rhinelander,5.5,2,0,30
1-to-1,15-R2-30-45,Wisconsin,15,,6.01,5.77,1.063,0.83,0.83,1.892,0.829,0.001,1,1.001,-0.001,93.6,1.6,4.8,Sand,0.3,6.59,6.6,7.4,0.07,0.06,47,23,8,139,92,3,3,,0,0,0,0,8/24/2018,Rhinelander,5.5,2,30,45
1-to-1,16-R2-45-60,Wisconsin,16,,5.92,5.72,1.055,0.874,0.874,1.927,0.872,0.002,1,1.002,-0.002,93.6,1.6,4.8,Sand,0.2,6.59,6.2,7.4,0.06,0.05,34,27,14,84,86,4,7,,0,0,0,0,8/24/2018,Rhinelander,5.5,2,45,60
1-to-1,17-R2-60-100,Wisconsin,17,,5.95,5.83,1.07,0.855,0.855,1.917,0.847,0.009,1,1.009,-0.009,95.6,1.6,2.8,Sand,0.1,6.51,6.5,7.5,0.06,0.04,26,28,14,85,86,3,5,,0,0,0,0,8/24/2018,Rhinelander,5.5,2,60,100
1-to-1,18-R3-0-20,Wisconsin,18,,5.8,5.79,1.068,0.828,0.828,1.837,0.769,0.071,1,1.077,-0.077,73.6,19.6,6.8,Sandy Loam,1.5,5.54,5.9,6.9,0.1,1.12,275,82,5,493,60,28,6,,0,1.4,35,3,8/24/2018,Rhinelander,5.5,3,0,20
1-to-1,19-R3-20-30,Wisconsin,19,,5.59,5.57,1.063,0.816,0.816,1.828,0.765,0.062,1,1.067,-0.067,77.6,15.6,6.8,Loamy Sand,0.7,5.81,5.8,6.9,0.09,0.32,89,57,9,139,45,16,8,,0,0.7,46,1,8/24/2018,Rhinelander,5.5,3,20,30
1-to-1,20-M1-0-31,Wisconsin,20,,6.69,6.55,1.059,0.822,0.822,1.697,0.638,0.224,1,1.288,-0.288,21.6,61.6,16.8,Silt Loam,3.3,4.02,7.1,7.3,0.24,1.95,33,94,3,1439,97,423,47,,0,0,0,8,9/7/2018,Marshfield,5.65,1,0,31
1-to-1,21-M1-31-50,Wisconsin,21,,6.1,5.9,1.059,0.865,0.865,1.774,0.715,0.173,1,1.21,-0.21,17.6,59.6,22.8,Silt Loam,1.1,4.62,6.7,7.1,0.11,0.31,18,54,2,1158,98,544,75,,0,0,0,5,9/7/2018,Marshfield,5.65,1,31,50
1-to-1,22-M1-50-70,Wisconsin,22,,5.36,5.18,1.065,0.922,0.922,1.848,0.783,0.151,1,1.178,-0.178,29.6,37.6,32.8,Clay Loam,1,4.6,4.8,6.1,0.1,0.12,8,67,1,1281,37,633,30,,0,10.7,62,16,9/7/2018,Marshfield,5.65,1,50,70
1-to-1,23-M2-0-24,Wisconsin,23,,6.61,6.59,1.063,0.844,0.844,1.723,0.66,0.218,1,1.279,-0.279,19.6,63.6,16.8,Silt Loam,3,4.29,7.1,7.3,0.22,1.89,40,118,4,1446,96,428,47,,0,0,0,7,9/7/2018,Marshfield,5.65,2,0,24
1-to-1,24-M2-24-38,Wisconsin,24,,6.66,6.54,1.06,0.878,0.878,1.808,0.748,0.148,1,1.174,-0.174,39.6,39.6,20.8,Loam,0.9,4.91,7.1,7.2,0.08,0.2,10,70,3,1233,97,516,67,,0,0,0,5,9/7/2018,Marshfield,5.65,2,24,38
1-to-1,25-M2-38-55,Wisconsin,25,,5.68,5.44,1.06,0.948,0.948,1.873,0.813,0.142,1,1.166,-0.166,47.2,25.2,27.6,Sandy Clay Loam,0.8,4.8,5.2,6.7,0.1,0.06,10,90,2,1398,64,568,43,,0,3.7,34,10,9/7/2018,Marshfield,5.65,2,38,55
1-to-1,26-M3-0-15,Wisconsin,26,,5.88,5.82,1.058,0.809,0.809,1.562,0.504,0.377,1,1.605,-0.605,19.2,57.2,23.6,Silt Loam,3.6,3.87,5.5,6.7,0.22,2.2,35,147,4,1144,57,291,24,,0,4,39,11,9/7/2018,Marshfield,5.65,3,0,15
1-to-1,27-M3-15-30,Wisconsin,27,,5.85,5.66,1.062,0.945,0.945,1.851,0.789,0.165,1,1.198,-0.198,49.2,25.2,25.6,Sandy Clay Loam,0.8,4.77,5,6.6,0.08,0.26,18,59,1,1368,57,426,29,,0,4.9,41,11,9/7/2018,Marshfield,5.65,3,15,30
1-to-1,28-S-0-30,Wisconsin,28,,5.42,5.21,1.006,0.806,0.806,1.738,0.732,0.092,1,1.101,-0.101,75.2,17.2,7.6,Sandy Loam,1.3,5.93,4.7,6.6,0.08,0.88,45,62,3,249,21,46,6,,0,4.6,76,4,11/3/2017,Spooner,5.8,,0,30
1-to-1,29-S-30-60,Wisconsin,29,,5.69,5.5,1.059,0.799,0.799,1.787,0.728,0.089,1,1.098,-0.098,81.2,7.2,11.6,Sandy Loam,0.6,6.08,5.5,7,0.08,0.16,25,120,10,500,85,93,26,,0,0.1,4,2,11/3/2017,Spooner,5.8,,30,60
1-to-1,30-H1-0-30,Wisconsin,30,,6.4,6.28,1.059,0.851,0.851,1.88,0.821,0.035,1,1.037,-0.037,87.2,7.2,5.6,Loamy Sand,1,6.25,7.3,7.5,0.12,0.89,106,58,5,612,95,159,41,,0,0,0,2,9/17/2018,Hancock,6.2,1,0,30
1-to-1,31-H1-30-40,Wisconsin,31,,6.59,6.42,1.062,0.864,0.864,1.89,0.828,0.042,1,1.043,-0.043,87.2,7.2,5.6,Loamy Sand,0.5,6.09,7.5,7.5,0.06,0.26,92,56,6,433,94,118,42,,0,0,0,2,9/17/2018,Hancock,6.2,1,30,40
1-to-1,32-H1-40-60,Wisconsin,32,,6.39,6.25,1.007,0.898,0.898,1.86,0.853,0.05,1,1.053,-0.053,85.2,7.2,7.6,Loamy Sand,0.4,6.1,7.4,7.5,0.06,0.1,73,53,8,323,92,101,47,,0,0,0,1,9/17/2018,Hancock,6.2,1,40,60
1-to-1,33-H2-0-30,Wisconsin,33,,6.27,6.26,1.005,0.798,0.798,1.765,0.76,0.048,1,1.05,-0.05,87.2,7.2,5.6,Loamy Sand,0.8,5.91,7.2,7.5,0.05,0.38,74,50,5,498,95,128,40,,0,0,0,2,9/17/2018,Hancock,6.2,2,0,30
1-to-1,34-H2-30-60,Wisconsin,34,,6.2,6.13,1.003,0.872,0.872,1.836,0.833,0.045,1,1.047,-0.047,87.2,5.2,7.6,Loamy Sand,0.4,6.04,7.2,7.5,0.03,0.1,85,40,7,280,93,96,52,,0,0,0,1,9/17/2018,Hancock,6.2,2,30,60
1-to-1,35-A249-0-35,Wisconsin,35,,6.75,6.7,1.064,0.857,0.857,1.763,0.699,0.184,1,1.226,-0.226,11.2,65.2,23.6,Silt Loam,3.6,4.07,7.2,7.3,0.21,2.23,28,78,2,1785,98,505,45,,0,0,0,10,8/31/2018,Arlington,6.5,249,0,35
1-to-1,36-A249-35-60,Wisconsin,36,,6.55,6.66,1.073,0.834,0.834,1.747,0.674,0.192,1,1.237,-0.237,1.2,67.6,31.2,Silty Clay Loam,1.7,4.42,7.3,7.2,0.15,0.7,13,68,2,1722,98,667,62,,0,0,0,8,8/31/2018,Arlington,6.5,249,35,60
1-to-1,37-A341-0-33,Wisconsin,37,,6.76,6.67,1.068,0.766,0.766,1.697,0.629,0.179,1,1.218,-0.218,25.2,51.6,23.2,Silt Loam,3.5,4.41,7.4,7.3,0.22,2.7,32,76,2,2014,98,527,42,,0,0,0,10,8/31/2018,Arlington,6.5,341,0,33
1-to-1,38-A341-33-55,Wisconsin,38,,6.77,6.62,1.056,0.856,0.856,1.691,0.635,0.258,1,1.348,-0.348,9.2,61.6,29.2,Silty Clay Loam,4.6,3.61,7.3,7.1,0.26,3.02,35,34,1,2071,99,530,42,,0,0,0,12,8/31/2018,Arlington,6.5,341,33,55
1-to-1,39-A341-55-75,Wisconsin,39,,6.81,6.71,1.011,0.818,0.818,1.634,0.623,0.238,1,1.313,-0.313,5.2,65.6,29.2,Silty Clay Loam,3.3,3.9,7.2,7.1,0.21,2.02,28,37,1,1652,99,514,50,,0,0,0,9,8/31/2018,Arlington,6.5,341,55,75
1-to-1,40-A341-75-85,Wisconsin,40,,6.8,6.63,0.999,0.824,0.824,1.654,0.655,0.205,1,1.258,-0.258,5.2,71.6,23.2,Silt Loam,1.7,4.3,7.2,7.1,0.1,0.83,9,39,2,980,98,574,94,,0,0,0,5,8/31/2018,Arlington,6.5,341,75,85
1-to-1,41-L2-0-23,Wisconsin,41,,6.5,6.34,1.062,0.807,0.807,1.702,0.64,0.207,1,1.261,-0.261,9.2,73.6,17.2,Silt Loam,2.6,4.17,7,7.3,0.22,1.71,14,72,3,1288,97,347,43,,0,0,0,7,8/30/2018,Lancaster,6.6,2,0,23
1-to-1,42-L2-23-45,Wisconsin,42,,6.56,6.42,1.062,0.842,0.842,1.747,0.685,0.186,1,1.229,-0.229,3.2,71.6,25.2,Silt Loam,1.3,4.53,7.3,7.3,0.13,0.55,9,62,2,1330,98,444,53,,0,0,0,6,8/30/2018,Lancaster,6.6,2,23,45
1-to-1,43-L3-0-12,Wisconsin,43,,6.13,6.05,1.007,0.825,0.825,1.669,0.662,0.198,1,1.246,-0.246,7.2,67.6,25.2,Silt,2.8,4.28,6.5,7.1,0.15,1.58,17,116,4,1502,96,470,49,,0,0,0,8,8/30/2018,Lancaster,6.6,3,0,12
1-to-1,44-L3-12-20,Wisconsin,44,,6.22,5.94,1.008,0.863,0.863,1.706,0.698,0.191,1,1.236,-0.236,5.2,65.6,29.2,Silty Clay Loam,2,4.42,6.7,7.1,0.14,0.82,10,78,2,1617,98,545,54,,0,0,0,8,8/30/2018,Lancaster,6.6,3,12,20
1-to-1,45-L3-20-40,Wisconsin,45,,6.02,5.85,1.069,0.811,0.811,1.732,0.663,0.182,1,1.223,-0.223,3.2,61.6,35.2,Silty Clay Loam,1.5,4.42,6.8,7,0.13,0.48,22,100,3,1984,97,723,58,,0,0,0,10,8/30/2018,Lancaster,6.6,3,20,40
1-to-1,46-L4-0-10,Wisconsin,46,,5.88,5.73,1.011,0.824,0.824,1.648,0.637,0.227,1,1.294,-0.294,9.2,71.6,19.2,Silt Loam,3.1,4.01,6.2,6.9,0.2,1.94,10,58,2,1193,87,264,32,,0,0.7,11,7,8/30/2018,Lancaster,6.6,4,0,10
1-to-1,47-L4-10-20,Wisconsin,47,,5.87,5.71,1.006,0.852,0.852,1.668,0.662,0.223,1,1.287,-0.287,7.2,73.6,19.2,Silt,2.8,4.11,5.9,6.9,0.23,1.7,18,47,2,1074,74,209,24,,0,1.8,25,8,8/30/2018,Lancaster,6.6,4,10,20
1-to-1,48-L4-20-40,Wisconsin,48,,5.75,5.61,1.01,0.88,0.88,1.776,0.766,0.13,1,1.149,-0.149,8,71.6,20.4,Silt Loam,1.3,4.39,6.1,7,0.14,0.63,10,42,2,1053,98,184,28,,0,0,0,5,8/30/2018,Lancaster,6.6,4,20,40
1-to-1,50-W4-0-28,Wisconsin,50,,6.63,6.34,1.004,0.912,0.912,1.762,0.758,0.169,1,1.203,-0.203,34,41.6,24.4,Loam,3.1,4.62,6.9,7.2,0.22,1.99,8,72,2,1841,98,618,54,,0,0,0,9,8/31/2018,West Madison,6.7,4,0,28
1-to-1,51-W4-28-45,Wisconsin,51,,6.44,6.43,1.057,0.838,0.838,1.767,0.71,0.153,1,1.18,-0.18,42,29.6,28.4,Clay Loam,1.5,4.74,7,7.2,0.09,0.65,5,65,2,1574,98,669,68,,0,0,0,7,8/31/2018,West Madison,6.7,4,28,45
1-to-1,52-W4-45-55,Wisconsin,52,,6.48,6.36,1.057,0.819,0.819,1.764,0.707,0.137,1,1.158,-0.158,65.72580645,17.74193548,16.53225806,Sandy Loam,0.8,5.16,7,7.3,0.1,0.4,10,49,3,816,97,344,67,,0,0,0,3,8/31/2018,West Madison,6.7,4,45,55
1-to-1,53-W5-0-35,Wisconsin,53,,6.06,5.96,1.065,0.819,0.819,1.735,0.67,0.182,1,1.222,-0.222,8,65.6,26.4,Silt Loam,3.4,4.27,6.4,6.8,0.23,2.36,32,100,2,1656,77,448,34,,0,2.3,21,11,8/16/2018,West Madison,6.7,5,0,35
1-to-1,54-W5-35-65,Wisconsin,54,,6.03,6.16,1.06,0.8,0.8,1.665,0.605,0.244,1,1.322,-0.322,8,63.6,28.4,Silty Clay Loam,4.3,3.99,5.8,6.4,0.26,2.96,12,56,1,1524,50,392,21,,0,7.6,49,16,8/16/2018,West Madison,6.7,5,35,65
1-to-1,55-W7-0-15,Wisconsin,55,,5.96,5.92,1.008,0.816,0.816,1.69,0.682,0.164,1,1.196,-0.196,14,61.6,24.4,Silt Loam,2.9,4.35,6,6.9,0.25,2.03,28,71,2,1752,88,517,43,,0,1,10,10,8/16/2018,West Madison,6.7,7,0,15
1-to-1,56-W7-15-30,Wisconsin,56,,5.83,5.65,1.006,0.85,0.85,1.682,0.676,0.205,1,1.257,-0.257,4,67.6,28.4,Silty Clay Loam,1.9,4.22,5.6,6.8,0.15,1.04,9,45,1,1365,73,444,39,,0,2.4,26,9,8/16/2018,West Madison,6.7,7,15,30
1-to-1,57-P1-0-30,Wisconsin,57,,6.59,6.44,1.007,0.85,0.85,1.766,0.759,0.107,1,1.12,-0.12,64,23.6,12.4,Sandy Loam,1.5,5.04,6.9,7.4,0.12,1.15,78,140,8,843,92,197,35,,0,0,0,4,9/10/2018,Peninsular,7.2,1,0,30
1-to-1,58-P1-30-45,Wisconsin,58,,6.66,6.3,1.012,0.823,0.823,1.762,0.75,0.089,1,1.097,-0.097,66,15.6,18.4,Sandy Loam,0.7,5.37,7.1,7.4,0.1,0.33,11,84,6,702,94,217,48,,0,0,0,3,9/10/2018,Peninsular,7.2,1,30,45
1-to-1,59-P1-45-55,Wisconsin,59,,6.56,6.33,1.012,0.844,0.844,1.792,0.78,0.076,1,1.082,-0.082,70,17.6,12.4,Sandy Loam,0.5,5.64,7,7.4,0.07,0.17,19,54,5,554,95,165,46,,0,0,0,2,9/10/2018,Peninsular,7.2,1,45,55
1-to-1,60-P2-0-20,Wisconsin,60,,6.83,6.89,1.057,0.768,0.768,1.729,0.672,0.125,1,1.143,-0.143,52.8,28.8,18.4,Sandy Loam,2.8,4.75,7.5,7.5,0.18,2.47,12,75,3,1411,97,334,38,,0,0,0,6,9/10/2018,Peninsular,7.2,2,0,20
1-to-1,61-P2-20-45,Wisconsin,61,,7.11,6.96,1.005,0.853,0.853,1.766,0.761,0.108,1,1.121,-0.121,54.8,24.8,20.4,Sandy Clay Loam,1.2,5.11,7.6,7.5,0.11,3.31,14,45,2,1176,98,308,42,,0,0,0,5,9/10/2018,Peninsular,7.2,2,20,45
1-to-1,62-P2-45-55,Wisconsin,62,,6.84,6.76,1.066,0.842,0.842,1.848,0.782,0.071,1,1.077,-0.077,60.8,26.8,12.4,Sandy Loam,0.5,5.53,7.7,7.6,0.09,5.53,10,35,2,743,98,225,48,,0,0,0,3,9/10/2018,Peninsular,7.2,2,45,55
1-to-1,63-P4-0-25,Wisconsin,63,,7.35,7.29,1.006,0.855,0.855,1.727,0.721,0.157,1,1.186,-0.186,50.8,32.8,16.4,Loam,3.1,4.49,7.4,7.4,0.21,2.2,12,53,2,1433,98,359,40,,0,0,0,7,9/10/2018,Peninsular,7.2,4,0,25
1-to-1,64-P4-25-35,Wisconsin,64,,6.83,6.79,1.062,0.788,0.788,1.742,0.68,0.137,1,1.159,-0.159,50.8,28.8,20.4,Loam,1.9,4.63,7.5,7.4,0.12,1.56,12,45,2,1378,98,360,42,,0,0,0,6,9/10/2018,Peninsular,7.2,4,25,35
1-to-1,65-P4-35-50,Wisconsin,65,,6.98,6.81,1.064,0.833,0.833,1.815,0.751,0.098,1,1.109,-0.109,52.8,32.8,14.4,Sandy Loam,0.9,4.86,7.7,7.5,0.09,4.21,22,39,2,881,98,253,46,,0,0,0,4,9/10/2018,Peninsular,7.2,4,35,50
1-to-1,181-Sp11-Cr31-0-20,Spooner,181,,6.8,6.31,1.009,0.794,0.794,1.708,0.699,0.12,1,1.136,-0.136,,,,,,,,,,,,,,,,,,,,,,,,Spooner,,,,
1-to-1,182-Sp11-Cr32-0-16,Spooner,182,,6.55,6.4,1.009,0.853,0.853,1.752,0.743,0.129,1,1.148,-0.148,,,,,,,,,,,,,,,,,,,,,,,,Spooner,,,,
1-to-1,183-Sp11-Cr33-0-20,Spooner,183,,6.76,6.85,1.015,0.824,0.824,1.734,0.719,0.127,1,1.146,-0.146,,,,,,,,,,,,,,,,,,,,,,,,Spooner,,,,
1-to-1,184-Sp12-Cr34-0-16,Spooner,184,,6.72,6.53,1.008,0.784,0.784,1.693,0.685,0.126,1,1.145,-0.145,,,,,,,,,,,,,,,,,,,,,,,,Spooner,,,,
1-to-1,185-Sp12-Cr35-0-18,Spooner,185,,6.26,6.16,1.006,0.84,0.84,1.742,0.736,0.124,1,1.141,-0.141,,,,,,,,,,,,,,,,,,,,,,,,Spooner,,,,
1-to-1,186-Sp12-Cr36-0-20,Spooner,186,,6.81,6.3,1.059,0.862,0.862,1.813,0.754,0.125,1,1.143,-0.143,,,,,,,,,,,,,,,,,,,,,,,,Spooner,,,,
1-to-1,187-Sp13-Cr37-0-20,Spooner,187,,6.22,6.08,1.064,0.867,0.867,1.821,0.757,0.127,1,1.145,-0.145,,,,,,,,,,,,,,,,,,,,,,,,Spooner,,,,
1-to-1,188-Sp13-Cr38-0-20,Spooner,188,,6.45,5.78,1.005,0.73,0.73,1.645,0.64,0.123,1,1.141,-0.141,,,,,,,,,,,,,,,,,,,,,,,,Spooner,,,,
1-to-1,189-Sp13-Cr39-0-19,Spooner,189,,6.09,5.92,1.011,0.844,0.844,1.71,0.699,0.172,1,1.207,-0.207,,,,,,,,,,,,,,,,,,,,,,,,Spooner,,,,
1-to-1,190-Sp14-Cr40-0-17,Spooner,190,,5.75,5.64,1.007,0.844,0.844,1.743,0.736,0.128,1,1.147,-0.147,,,,,,,,,,,,,,,,,,,,,,,,Spooner,,,,
1-to-1,191-Sp14-Cr41-0-18,Spooner,191,,5.63,5.5,1.004,0.809,0.809,1.715,0.711,0.121,1,1.138,-0.138,,,,,,,,,,,,,,,,,,,,,,,,Spooner,,,,
1-to-1,192-Sp14-Cr42-0-20,Spooner,192,,5.82,5.61,1.002,0.82,0.82,1.728,0.726,0.115,1,1.129,-0.129,,,,,,,,,,,,,,,,,,,,,,,,Spooner,,,,
1-to-1,193-Sp15-Cr43-0-18,Spooner,193,,5.77,6.22,1.008,0.843,0.843,1.753,0.745,0.116,1,1.132,-0.132,,,,,,,,,,,,,,,,,,,,,,,,Spooner,,,,
1-to-1,194-Sp15-Cr44-0-17,Spooner,194,,5.19,5.03,1.013,0.84,0.84,1.737,0.724,0.138,1,1.16,-0.16,,,,,,,,,,,,,,,,,,,,,,,,Spooner,,,,
1-to-1,195-Sp15-Cr45-0-20,Spooner,195,,5.6,5.52,1.007,0.868,0.868,1.76,0.753,0.132,1,1.153,-0.153,,,,,,,,,,,,,,,,,,,,,,,,Spooner,,,,
1-to-1,196-Sp16-Cr46-0-20,Spooner,196,,6.44,6.42,1.009,0.86,0.86,1.757,0.748,0.13,1,1.15,-0.15,,,,,,,,,,,,,,,,,,,,,,,,Spooner,,,,
1-to-1,197-Sp16-Cr47-0-17,Spooner,197,,6.6,6.43,1.001,0.797,0.797,1.691,0.69,0.134,1,1.155,-0.155,,,,,,,,,,,,,,,,,,,,,,,,Spooner,,,,
1-to-1,198-Sp16-Cr48-0-20,Spooner,198,,7.03,6.71,1.064,0.777,0.777,1.73,0.666,0.143,1,1.167,-0.167,,,,,,,,,,,,,,,,,,,,,,,,Spooner,,,,
1-to-1,199-Sp17-Cr49-0-20,Spooner,199,,5.12,5.1,1.057,0.825,0.825,1.791,0.734,0.11,1,1.124,-0.124,,,,,,,,,,,,,,,,,,,,,,,,Spooner,,,,
1-to-1,200-Sp17-Cr50-0-18,Spooner,200,,5.9,6.03,1.004,0.746,0.746,1.668,0.664,0.11,1,1.123,-0.123,,,,,,,,,,,,,,,,,,,,,,,,Spooner,,,,
1-to-1,201-Sp17-Cr51-0-18,Spooner,201,,5.59,5.74,1.004,0.822,0.822,1.732,0.728,0.114,1,1.129,-0.129,,,,,,,,,,,,,,,,,,,,,,,,Spooner,,,,
1-to-1,202-Sp18-Cr52-0-18,Spooner,202,,6.15,6.31,1.007,0.823,0.823,1.736,0.729,0.114,1,1.129,-0.129,,,,,,,,,,,,,,,,,,,,,,,,Spooner,,,,
1-to-1,203-Sp18-Cr53-0-19,Spooner,203,,6.37,6.31,1.062,0.815,0.815,1.776,0.714,0.124,1,1.141,-0.141,,,,,,,,,,,,,,,,,,,,,,,,Spooner,,,,
1-to-1,204-Sp18-Cr54-0-20,Spooner,204,,6.27,6.28,1.005,0.746,0.746,1.665,0.66,0.115,1,1.13,-0.13,,,,,,,,,,,,,,,,,,,,,,,,Spooner,,,,
1-to-1,205-Sp19-Cr55-0-20,Spooner,205,,6.91,7.04,1.013,0.855,0.855,1.774,0.761,0.11,1,1.124,-0.124,,,,,,,,,,,,,,,,,,,,,,,,Spooner,,,,
1-to-1,206-Sp19-Cr56-0-18,Spooner,206,,5.52,5.65,1.007,0.824,0.824,1.743,0.736,0.107,1,1.12,-0.12,,,,,,,,,,,,,,,,,,,,,,,,Spooner,,,,
1-to-1,207-Sp19-Cr57-0-18,Spooner,207,,6.22,6.06,1.008,0.856,0.856,1.763,0.755,0.118,1,1.134,-0.134,,,,,,,,,,,,,,,,,,,,,,,,Spooner,,,,
1-to-1,208-Sp20-Cr58-0-20,Spooner,208,,6.27,6.05,1.007,0.835,0.835,1.746,0.739,0.115,1,1.13,-0.13,,,,,,,,,,,,,,,,,,,,,,,,Spooner,,,,
1-to-1,209-Sp20-Cr59-0-19,Spooner,209,,5.71,5.7,1.004,0.814,0.814,1.719,0.715,0.122,1,1.138,-0.138,,,,,,,,,,,,,,,,,,,,,,,,Spooner,,,,
1-to-1,210-Sp20-Cr60-0-20,Spooner,210,,6.06,5.94,1.067,0.8,0.8,1.764,0.697,0.129,1,1.148,-0.148,,,,,,,,,,,,,,,,,,,,,,,,Spooner,,,,
1-to-1,211-Sp1-Cr1-0-20,Spooner,211,,5.47,5.29,1.078,0.813,0.813,1.751,0.673,0.172,1,1.208,-0.208,,,,,,,,,,,,,,,,,,,,,,,,Spooner,,,,
1-to-1,212-Sp1-Cr2-0-20,Spooner,212,,5.05,5.01,0.998,0.859,0.859,1.759,0.761,0.114,1,1.129,-0.129,,,,,,,,,,,,,,,,,,,,,,,,Spooner,,,,
1-to-1,213-Sp1-Cr3-0-20,Spooner,213,,5.39,5.44,1.002,0.794,0.794,1.708,0.706,0.111,1,1.125,-0.125,,,,,,,,,,,,,,,,,,,,,,,,Spooner,,,,
1-to-1,214-Sp2-Cr4-0-20,Spooner,214,,5.69,5.8,0.999,0.846,0.846,1.743,0.744,0.121,1,1.137,-0.137,,,,,,,,,,,,,,,,,,,,,,,,Spooner,,,,
1-to-1,215-Sp2-Cr5-0-20,Spooner,215,,5.81,5.93,1.007,0.869,0.869,1.764,0.757,0.129,1,1.148,-0.148,,,,,,,,,,,,,,,,,,,,,,,,Spooner,,,,
1-to-1,216-Sp2-Cr6-0-20,Spooner,216,,5.45,5.49,1.062,0.772,0.772,1.741,0.679,0.12,1,1.137,-0.137,,,,,,,,,,,,,,,,,,,,,,,,Spooner,,,,
1-to-1,217-Sp3-Cr7-0-20,Spooner,217,,6.11,6.39,1.006,0.842,0.842,1.746,0.74,0.121,1,1.138,-0.138,,,,,,,,,,,,,,,,,,,,,,,,Spooner,,,,
1-to-1,218-Sp3-Cr8-0-20,Spooner,218,,6.54,6.9,1.011,0.821,0.821,1.731,0.72,0.123,1,1.14,-0.14,,,,,,,,,,,,,,,,,,,,,,,,Spooner,,,,
1-to-1,219-Sp3-Cr9-0-20,Spooner,219,,6.37,6.58,1,0.754,0.754,1.66,0.66,0.125,1,1.142,-0.142,,,,,,,,,,,,,,,,,,,,,,,,Spooner,,,,
1-to-1,220-Sp4-Cr10-0-20,Spooner,220,,6.66,6.94,1.01,0.876,0.876,1.791,0.781,0.108,1,1.122,-0.122,,,,,,,,,,,,,,,,,,,,,,,,Spooner,,,,
1-to-1,221-Sp4-Cr11-0-20,Spooner,221,,6.14,6.27,1.007,0.869,0.869,1.784,0.777,0.106,1,1.118,-0.118,,,,,,,,,,,,,,,,,,,,,,,,Spooner,,,,
1-to-1,222-Sp4-Cr12-0-20,Spooner,222,,6.1,6.5,1.052,0.771,0.771,1.737,0.685,0.112,1,1.126,-0.126,,,,,,,,,,,,,,,,,,,,,,,,Spooner,,,,
1-to-1,223-Sp5-Cr13-0-20,Spooner,223,,6.57,6.62,1.053,0.854,0.854,1.795,0.742,0.131,1,1.151,-0.151,,,,,,,,,,,,,,,,,,,,,,,,Spooner,,,,
1-to-1,224-Sp5-Cr14-0-20,Spooner,224,,6.16,6.33,1.013,0.856,0.856,1.77,0.757,0.116,1,1.131,-0.131,,,,,,,,,,,,,,,,,,,,,,,,Spooner,,,,
1-to-1,225-Sp5-Cr15-0-20,Spooner,225,,6.51,6.87,1.007,0.776,0.776,1.692,0.685,0.117,1,1.133,-0.133,,,,,,,,,,,,,,,,,,,,,,,,Spooner,,,,
1-to-1,226-Sp6-Cr16-0-15,Spooner,226,,6.59,6.81,1.006,0.848,0.848,1.729,0.723,0.147,1,1.173,-0.173,,,,,,,,,,,,,,,,,,,,,,,,Spooner,,,,
1-to-1,227-Sp6-Cr17-0-20,Spooner,227,,6.56,6.7,1.025,0.846,0.846,1.757,0.732,0.135,1,1.156,-0.156,,,,,,,,,,,,,,,,,,,,,,,,Spooner,,,,
1-to-1,228-Sp6-Cr18-0-20,Spooner,228,,6.38,6.58,1.004,0.861,0.861,1.725,0.721,0.163,1,1.194,-0.194,,,,,,,,,,,,,,,,,,,,,,,,Spooner,,,,
1-to-1,229-Sp7-Cr19-0-20,Spooner,229,,5.09,5.04,1.006,0.8,0.8,1.704,0.698,0.128,1,1.146,-0.146,,,,,,,,,,,,,,,,,,,,,,,,Spooner,,,,
1-to-1,230-Sp7-Cr20-0-20,Spooner,230,,4.8,4.79,1.005,0.845,0.845,1.743,0.738,0.127,1,1.145,-0.145,,,,,,,,,,,,,,,,,,,,,,,,Spooner,,,,
1-to-1,231-Sp7-Cr21-0-13,Spooner,231,,6.28,6.36,1.008,0.803,0.803,1.705,0.697,0.132,1,1.152,-0.152,,,,,,,,,,,,,,,,,,,,,,,,Spooner,,,,
1-to-1,232-Sp8-Cr22-0-20,Spooner,232,,6.24,6.18,1.007,0.838,0.838,1.733,0.726,0.134,1,1.154,-0.154,,,,,,,,,,,,,,,,,,,,,,,,Spooner,,,,
1-to-1,233-Sp8-Cr23-0-20,Spooner,233,,5.95,6.09,1,0.786,0.786,1.687,0.687,0.126,1,1.144,-0.144,,,,,,,,,,,,,,,,,,,,,,,,Spooner,,,,
1-to-1,234-Sp8-Cr24-0-20,Spooner,234,,5.99,6,1.067,0.848,0.848,1.812,0.745,0.121,1,1.138,-0.138,,,,,,,,,,,,,,,,,,,,,,,,Spooner,,,,
1-to-1,235-Sp9-Cr25-0-15,Spooner,235,,6.56,6.79,1.05,0.836,0.836,1.781,0.731,0.126,1,1.144,-0.144,,,,,,,,,,,,,,,,,,,,,,,,Spooner,,,,
1-to-1,236-Sp9-Cr26-0-20,Spooner,236,,6.34,6.55,1.009,0.803,0.803,1.7,0.691,0.139,1,1.162,-0.162,,,,,,,,,,,,,,,,,,,,,,,,Spooner,,,,
1-to-1,237-Sp9-Cr27-0-15,Spooner,237,,6.93,6.73,1.01,0.83,0.83,1.725,0.715,0.139,1,1.161,-0.161,,,,,,,,,,,,,,,,,,,,,,,,Spooner,,,,
1-to-1,238-Sp10-Cr28-0-20,Spooner,238,,5.71,5.68,1.006,0.84,0.84,1.747,0.741,0.118,1,1.134,-0.134,,,,,,,,,,,,,,,,,,,,,,,,Spooner,,,,
1-to-1,239-Sp10-Cr29-0-15,Spooner,239,,5.86,5.97,1.006,0.779,0.779,1.689,0.683,0.123,1,1.141,-0.141,,,,,,,,,,,,,,,,,,,,,,,,Spooner,,,,
1-to-1,240-Sp10-Cr30-0-20,Spooner,240,,5.63,5.6,1.005,0.831,0.831,1.734,0.729,0.123,1,1.14,-0.14,,,,,,,,,,,,,,,,,,,,,,,,Spooner,,,,
1-to-1,241-Sp-A-Hor-Fridge,,241,,5.03,5.06,1.051,0.789,0.789,1.819,0.768,0.027,1,1.027,-0.027,,,,,,,,,,,,,,,,,,,,,,,,Spooner,,,,
1-to-1,242-Sp-B-Hor-Fridge,,242,,5.33,5.4,1.011,0.75,0.75,1.759,0.748,0.003,1,1.003,-0.003,,,,,,,,,,,,,,,,,,,,,,,,Spooner,,,,
1-to-2,1-K1-0-17,Wisconsin,1,,4.87,4.93,1.005,0.946,0.473,1.85,0.845,0.107,0.5,0.56,-0.06,64,25.2,10.8,Sandy Loam,2.5,4.6,4.9,6.3,0.13,1.64,99,44,1,237,12,40,3,,0,8.6,87,9,8/23/2018,Kemp,5.4,1,0,17
1-to-2,2-K1-17-45,Wisconsin,2,,5.2,5.33,1.008,1.065,0.533,1.972,0.964,0.095,0.5,0.552,-0.052,68,21.2,10.8,Sandy Loam,1.3,5.36,5.4,6.5,0.09,0.71,101,41,1,194,13,32,4,,0,6.1,85,6,8/23/2018,Kemp,5.4,1,17,45
1-to-2,3-K1-45-60,Wisconsin,3,,5.48,5.01,1.013,1.069,0.535,2.03,1.017,0.049,0.5,0.526,-0.026,72,19.2,8.8,Sandy Loam,0.4,6.28,5.6,7.1,0.08,0.11,37,26,4,327,96,58,28,,0,0,0,1,8/23/2018,Kemp,5.4,1,45,60
1-to-2,5-K3-0-15,Wisconsin,5,,4.99,5.01,0.999,1.053,0.527,1.932,0.933,0.114,0.5,0.564,-0.064,64,27.2,8.8,Sandy Loam,4,4.38,4.7,6.1,0.18,2.52,63,67,1,382,15,85,5,,0,10.9,84,13,8/23/2018,Kemp,5.4,3,0,15
1-to-2,6-K3-15-35,Wisconsin,6,,5.28,5.22,0.999,1.046,0.523,1.946,0.947,0.095,0.5,0.552,-0.052,60,31.2,8.8,Sandy Loam,1.5,5.05,5.1,6.4,0.12,0.77,40,57,2,170,11,39,4,,0,7,87,7,8/23/2018,Kemp,5.4,3,15,35
1-to-2,7-K3-35-50,Wisconsin,7,,5.2,5.24,1.072,1.053,0.527,2.06,0.988,0.062,0.5,0.533,-0.033,70,19.2,10.8,Sandy Loam,0.8,5.76,5.2,6.7,0.11,0.33,24,63,3,189,19,38,6,,0,4,78,4,8/23/2018,Kemp,5.4,3,35,50
1-to-2,8-K4-0-15,Wisconsin,8,,4.87,4.91,1.06,0.943,0.472,1.946,0.886,0.06,0.5,0.532,-0.032,78,15.2,6.8,Loamy Sand,2.5,4.89,4.5,6.1,0.13,1.63,18,42,1,122,5,22,2,,0,10.7,94,10,8/23/2018,Kemp,5.4,4,0,15
1-to-2,9-K4-15-30,Wisconsin,9,,5.13,5.1,1.061,1.033,0.517,2.06,0.999,0.033,0.5,0.517,-0.017,74,15.2,10.8,Sandy Loam,1.4,5.44,5,6.4,0.11,0.68,64,29,1,22,1,6,1,,0,7.3,98,6,8/23/2018,Kemp,5.4,4,15,30
1-to-2,10-K4-30-50,Wisconsin,10,,5.03,4.91,1.013,1.017,0.509,1.946,0.933,0.083,0.5,0.545,-0.045,72,15.2,12.8,Sandy Loam,0.8,5.51,4.4,6.5,0.11,0.34,16,23,1,22,2,5,1,,0,5.5,97,4,8/23/2018,Kemp,5.4,4,30,50
1-to-2,11-R1-0-27,Wisconsin,11,,5.53,5.53,1.009,1.016,0.508,1.992,0.983,0.032,0.5,0.517,-0.017,82,11.2,6.8,Loamy Sand,1.2,6.16,5.5,6.8,0.13,0.81,197,62,6,134,23,8,2,,0,2,71,2,8/24/2018,Rhinelander,5.5,1,0,27
1-to-2,12-R1-27-50,Wisconsin,12,,5.6,5.65,1.016,1.052,0.526,2.04,1.024,0.027,0.5,0.514,-0.014,94,1.2,4.8,Sand,0.2,6.4,5.9,7.3,0.11,0.05,39,47,23,81,77,5,8,,0,0,0,0,8/24/2018,Rhinelander,5.5,1,27,50
1-to-2,13-R1-50-70,Wisconsin,13,,5.61,5.61,1.007,1.027,0.514,1.998,0.991,0.035,0.5,0.518,-0.018,97.6,-0.4,2.8,Sand,0.2,6.48,5.9,7.4,0.07,0.01,25,35,28,47,72,3,8,,0,0,0,0,8/24/2018,Rhinelander,5.5,1,50,70
1-to-2,14-R2-0-30,Wisconsin,14,,6.78,7.99,1.065,1.065,0.533,2.119,1.054,0.01,0.5,0.505,-0.005,89.6,5.6,4.8,Sand,1.2,6.06,6.6,7.4,0.1,0.71,163,47,3,897,97,14,2,,0,0,0,3,8/24/2018,Rhinelander,5.5,2,0,30
1-to-2,15-R2-30-45,Wisconsin,15,,5.94,6.52,1.004,1.023,0.512,2.024,1.02,0.003,0.5,0.501,-0.001,93.6,1.6,4.8,Sand,0.3,6.59,6.6,7.4,0.07,0.06,47,23,8,139,92,3,3,,0,0,0,0,8/24/2018,Rhinelander,5.5,2,30,45
1-to-2,16-R2-45-60,Wisconsin,16,,5.84,6.05,1.065,1.218,0.609,2.276,1.211,0.006,0.5,0.503,-0.003,93.6,1.6,4.8,Sand,0.2,6.59,6.2,7.4,0.06,0.05,34,27,14,84,86,4,7,,0,0,0,0,8/24/2018,Rhinelander,5.5,2,45,60
1-to-2,17-R2-60-100,Wisconsin,17,,5.93,6.14,1.066,1.03,0.515,2.086,1.02,0.01,0.5,0.505,-0.005,95.6,1.6,2.8,Sand,0.1,6.51,6.5,7.5,0.06,0.04,26,28,14,85,86,3,5,,0,0,0,0,8/24/2018,Rhinelander,5.5,2,60,100
1-to-2,18-R3-0-20,Wisconsin,18,,5.88,6.01,1.054,1.023,0.512,2.01,0.956,0.065,0.5,0.535,-0.035,73.6,19.6,6.8,Sandy Loam,1.5,5.54,5.9,6.9,0.1,1.12,275,82,5,493,60,28,6,,0,1.4,35,3,8/24/2018,Rhinelander,5.5,3,0,20
1-to-2,19-R3-20-30,Wisconsin,19,,5.56,5.66,1.064,0.989,0.495,1.988,0.924,0.066,0.5,0.535,-0.035,77.6,15.6,6.8,Loamy Sand,0.7,5.81,5.8,6.9,0.09,0.32,89,57,9,139,45,16,8,,0,0.7,46,1,8/24/2018,Rhinelander,5.5,3,20,30
1-to-2,20-M1-0-31,Wisconsin,20,,6.77,7.02,1.066,1.075,0.538,1.905,0.839,0.22,0.5,0.641,-0.141,21.6,61.6,16.8,Silt Loam,3.3,4.02,7.1,7.3,0.24,1.95,33,94,3,1439,97,423,47,,0,0,0,8,9/7/2018,Marshfield,5.65,1,0,31
1-to-2,21-M1-31-50,Wisconsin,21,,5.86,6.12,1.072,1.015,0.508,1.902,0.83,0.182,0.5,0.611,-0.111,17.6,59.6,22.8,Silt Loam,1.1,4.62,6.7,7.1,0.11,0.31,18,54,2,1158,98,544,75,,0,0,0,5,9/7/2018,Marshfield,5.65,1,31,50
1-to-2,22-M1-50-70,Wisconsin,22,,5.21,5.36,1.05,1.032,0.516,1.918,0.868,0.159,0.5,0.594,-0.094,29.6,37.6,32.8,Clay Loam,1,4.6,4.8,6.1,0.1,0.12,8,67,1,1281,37,633,30,,0,10.7,62,16,9/7/2018,Marshfield,5.65,1,50,70
1-to-2,23-M2-0-24,Wisconsin,23,,6.99,7.2,1.059,1.06,0.53,1.88,0.821,0.225,0.5,0.646,-0.146,19.6,63.6,16.8,Silt Loam,3,4.29,7.1,7.3,0.22,1.89,40,118,4,1446,96,428,47,,0,0,0,7,9/7/2018,Marshfield,5.65,2,0,24
1-to-2,24-M2-24-38,Wisconsin,24,,6.6,7.03,1.059,1.053,0.527,1.952,0.893,0.152,0.5,0.59,-0.09,39.6,39.6,20.8,Loam,0.9,4.91,7.1,7.2,0.08,0.2,10,70,3,1233,97,516,67,,0,0,0,5,9/7/2018,Marshfield,5.65,2,24,38
1-to-2,25-M2-38-55,Wisconsin,25,,5.49,5.67,1.063,1.038,0.519,1.961,0.898,0.135,0.5,0.578,-0.078,47.2,25.2,27.6,Sandy Clay Loam,0.8,4.8,5.2,6.7,0.1,0.06,10,90,2,1398,64,568,43,,0,3.7,34,10,9/7/2018,Marshfield,5.65,2,38,55
1-to-2,26-M3-0-15,Wisconsin,26,,6.12,6.34,1.07,1.013,0.507,1.722,0.652,0.356,0.5,0.777,-0.277,19.2,57.2,23.6,Silt Loam,3.6,3.87,5.5,6.7,0.22,2.2,35,147,4,1144,57,291,24,,0,4,39,11,9/7/2018,Marshfield,5.65,3,0,15
1-to-2,27-M3-15-30,Wisconsin,27,,5.52,5.67,1.059,1.09,0.545,1.968,0.909,0.166,0.5,0.6,-0.1,49.2,25.2,25.6,Sandy Clay Loam,0.8,4.77,5,6.6,0.08,0.26,18,59,1,1368,57,426,29,,0,4.9,41,11,9/7/2018,Marshfield,5.65,3,15,30
1-to-2,28-S-0-30,Wisconsin,28,,5.29,5.34,1.057,1.028,0.514,1.988,0.931,0.094,0.5,0.552,-0.052,75.2,17.2,7.6,Sandy Loam,1.3,5.93,4.7,6.6,0.08,0.88,45,62,3,249,21,46,6,,0,4.6,76,4,11/3/2017,Spooner,5.8,,0,30
1-to-2,29-S-30-60,Wisconsin,29,,5.65,5.6,1.054,1.014,0.507,2.02,0.966,0.047,0.5,0.525,-0.025,81.2,7.2,11.6,Sandy Loam,0.6,6.08,5.5,7,0.08,0.16,25,120,10,500,85,93,26,,0,0.1,4,2,11/3/2017,Spooner,5.8,,30,60
1-to-2,30-H1-0-30,Wisconsin,30,,6.76,7.07,1.061,1.09,0.545,2.115,1.054,0.033,0.5,0.517,-0.017,87.2,7.2,5.6,Loamy Sand,1,6.25,7.3,7.5,0.12,0.89,106,58,5,612,95,159,41,,0,0,0,2,9/17/2018,Hancock,6.2,1,0,30
1-to-2,31-H1-30-40,Wisconsin,31,,6.73,7.22,1.007,1.054,0.527,2.001,0.994,0.057,0.5,0.53,-0.03,87.2,7.2,5.6,Loamy Sand,0.5,6.09,7.5,7.5,0.06,0.26,92,56,6,433,94,118,42,,0,0,0,2,9/17/2018,Hancock,6.2,1,30,40
1-to-2,32-H1-40-60,Wisconsin,32,,6.69,7.21,1.069,1.037,0.519,2.053,0.984,0.051,0.5,0.527,-0.027,85.2,7.2,7.6,Loamy Sand,0.4,6.1,7.4,7.5,0.06,0.1,73,53,8,323,92,101,47,,0,0,0,1,9/17/2018,Hancock,6.2,1,40,60
1-to-2,33-H2-0-30,Wisconsin,33,,6.68,7.06,1.06,1.02,0.51,2.025,0.965,0.054,0.5,0.528,-0.028,87.2,7.2,5.6,Loamy Sand,0.8,5.91,7.2,7.5,0.05,0.38,74,50,5,498,95,128,40,,0,0,0,2,9/17/2018,Hancock,6.2,2,0,30
1-to-2,34-H2-30-60,Wisconsin,34,,7.03,7,1.06,1.042,0.521,2.053,0.993,0.047,0.5,0.525,-0.025,87.2,5.2,7.6,Loamy Sand,0.4,6.04,7.2,7.5,0.03,0.1,85,40,7,280,93,96,52,,0,0,0,1,9/17/2018,Hancock,6.2,2,30,60
1-to-2,35-A249-0-35,Wisconsin,35,,7.07,7.28,1.058,1.046,0.523,1.906,0.848,0.189,0.5,0.617,-0.117,11.2,65.2,23.6,Silt Loam,3.6,4.07,7.2,7.3,0.21,2.23,28,78,2,1785,98,505,45,,0,0,0,10,8/31/2018,Arlington,6.5,249,0,35
1-to-2,36-A249-35-60,Wisconsin,36,,6.85,7.25,1.053,1.052,0.526,1.907,0.854,0.188,0.5,0.616,-0.116,1.2,67.6,31.2,Silty Clay Loam,1.7,4.42,7.3,7.2,0.15,0.7,13,68,2,1722,98,667,62,,0,0,0,8,8/31/2018,Arlington,6.5,249,35,60
1-to-2,37-A341-0-33,Wisconsin,37,,6.93,7.31,1.07,0.985,0.493,1.871,0.801,0.187,0.5,0.615,-0.115,25.2,51.6,23.2,Silt Loam,3.5,4.41,7.4,7.3,0.22,2.7,32,76,2,2014,98,527,42,,0,0,0,10,8/31/2018,Arlington,6.5,341,0,33
1-to-2,38-A341-33-55,Wisconsin,38,,7.43,7.45,1.015,1.038,0.519,1.792,0.777,0.251,0.5,0.668,-0.168,9.2,61.6,29.2,Silty Clay Loam,4.6,3.61,7.3,7.1,0.26,3.02,35,34,1,2071,99,530,42,,0,0,0,12,8/31/2018,Arlington,6.5,341,33,55
1-to-2,39-A341-55-75,Wisconsin,39,,7.05,7.21,1.058,1.046,0.523,1.856,0.798,0.237,0.5,0.655,-0.155,5.2,65.6,29.2,Silty Clay Loam,3.3,3.9,7.2,7.1,0.21,2.02,28,37,1,1652,99,514,50,,0,0,0,9,8/31/2018,Arlington,6.5,341,55,75
1-to-2,40-A341-75-85,Wisconsin,40,,7.01,7.19,1.061,1.056,0.528,1.897,0.836,0.208,0.5,0.632,-0.132,5.2,71.6,23.2,Silt Loam,1.7,4.3,7.2,7.1,0.1,0.83,9,39,2,980,98,574,94,,0,0,0,5,8/31/2018,Arlington,6.5,341,75,85
1-to-2,41-L2-0-23,Wisconsin,41,,6.64,7.01,1.059,0.986,0.493,1.844,0.785,0.204,0.5,0.628,-0.128,9.2,73.6,17.2,Silt Loam,2.6,4.17,7,7.3,0.22,1.71,14,72,3,1288,97,347,43,,0,0,0,7,8/30/2018,Lancaster,6.6,2,0,23
1-to-2,42-L2-23-45,Wisconsin,42,,7.02,7.31,1.049,1.039,0.52,1.889,0.84,0.192,0.5,0.618,-0.118,3.2,71.6,25.2,Silt Loam,1.3,4.53,7.3,7.3,0.13,0.55,9,62,2,1330,98,444,53,,0,0,0,6,8/30/2018,Lancaster,6.6,2,23,45
1-to-2,43-L3-0-12,Wisconsin,43,,6.4,6.56,1.063,1.04,0.52,1.905,0.842,0.19,0.5,0.618,-0.118,7.2,67.6,25.2,Silt,2.8,4.28,6.5,7.1,0.15,1.58,17,116,4,1502,96,470,49,,0,0,0,8,8/30/2018,Lancaster,6.6,3,0,12
1-to-2,44-L3-12-20,Wisconsin,44,,6.37,6.72,1.058,1.007,0.504,1.875,0.817,0.189,0.5,0.616,-0.116,5.2,65.6,29.2,Silty Clay Loam,2,4.42,6.7,7.1,0.14,0.82,10,78,2,1617,98,545,54,,0,0,0,8,8/30/2018,Lancaster,6.6,3,12,20
1-to-2,45-L3-20-40,Wisconsin,45,,6.33,6.61,1.063,0.975,0.488,1.866,0.803,0.176,0.5,0.607,-0.107,3.2,61.6,35.2,Silty Clay Loam,1.5,4.42,6.8,7,0.13,0.48,22,100,3,1984,97,723,58,,0,0,0,10,8/30/2018,Lancaster,6.6,3,20,40
1-to-2,46-L4-0-10,Wisconsin,46,,6.35,6.22,1.063,0.979,0.49,1.817,0.754,0.23,0.5,0.649,-0.149,9.2,71.6,19.2,Silt Loam,3.1,4.01,6.2,6.9,0.2,1.94,10,58,2,1193,87,264,32,,0,0.7,11,7,8/30/2018,Lancaster,6.6,4,0,10
1-to-2,47-L4-10-20,Wisconsin,47,,6.2,6.32,1.06,1.071,0.536,1.894,0.834,0.221,0.5,0.642,-0.142,7.2,73.6,19.2,Silt,2.8,4.11,5.9,6.9,0.23,1.7,18,47,2,1074,74,209,24,,0,1.8,25,8,8/30/2018,Lancaster,6.6,4,10,20
1-to-2,48-L4-20-40,Wisconsin,48,,6.02,6.21,1.05,1.045,0.523,1.897,0.847,0.189,0.5,0.617,-0.117,8,71.6,20.4,Silt Loam,1.3,4.39,6.1,7,0.14,0.63,10,42,2,1053,98,184,28,,0,0,0,5,8/30/2018,Lancaster,6.6,4,20,40
1-to-2,50-W4-0-28,Wisconsin,50,,6.74,7.02,1.064,0.979,0.49,1.868,0.804,0.179,0.5,0.609,-0.109,34,41.6,24.4,Loam,3.1,4.62,6.9,7.2,0.22,1.99,8,72,2,1841,98,618,54,,0,0,0,9,8/31/2018,West Madison,6.7,4,0,28
1-to-2,51-W4-28-45,Wisconsin,51,,6.7,6.93,1.063,1.044,0.522,1.949,0.886,0.151,0.5,0.589,-0.089,42,29.6,28.4,Clay Loam,1.5,4.74,7,7.2,0.09,0.65,5,65,2,1574,98,669,68,,0,0,0,7,8/31/2018,West Madison,6.7,4,28,45
1-to-2,52-W4-45-55,Wisconsin,52,,6.8,6.94,1.065,1.054,0.527,1.985,0.92,0.127,0.5,0.573,-0.073,65.72580645,17.74193548,16.53225806,Sandy Loam,0.8,5.16,7,7.3,0.1,0.4,10,49,3,816,97,344,67,,0,0,0,3,8/31/2018,West Madison,6.7,4,45,55
1-to-2,53-W5-0-35,Wisconsin,53,,6.43,6.82,1.063,1.017,0.509,1.893,0.83,0.184,0.5,0.613,-0.113,8,65.6,26.4,Silt Loam,3.4,4.27,6.4,6.8,0.23,2.36,32,100,2,1656,77,448,34,,0,2.3,21,11,8/16/2018,West Madison,6.7,5,0,35
1-to-2,54-W5-35-65,Wisconsin,54,,5.98,6.24,1.06,1.019,0.51,1.827,0.767,0.247,0.5,0.664,-0.164,8,63.6,28.4,Silty Clay Loam,4.3,3.99,5.8,6.4,0.26,2.96,12,56,1,1524,50,392,21,,0,7.6,49,16,8/16/2018,West Madison,6.7,5,35,65
1-to-2,55-W7-0-15,Wisconsin,55,,6.07,6.41,1.069,1.003,0.502,1.91,0.841,0.162,0.5,0.596,-0.096,14,61.6,24.4,Silt Loam,2.9,4.35,6,6.9,0.25,2.03,28,71,2,1752,88,517,43,,0,1,10,10,8/16/2018,West Madison,6.7,7,0,15
1-to-2,56-W7-15-30,Wisconsin,56,,5.93,6.14,1.062,0.992,0.496,1.871,0.809,0.184,0.5,0.613,-0.113,4,67.6,28.4,Silty Clay Loam,1.9,4.22,5.6,6.8,0.15,1.04,9,45,1,1365,73,444,39,,0,2.4,26,9,8/16/2018,West Madison,6.7,7,15,30
1-to-2,57-P1-0-30,Wisconsin,57,,6.74,7.04,1.055,1.016,0.508,1.959,0.904,0.11,0.5,0.562,-0.062,64,23.6,12.4,Sandy Loam,1.5,5.04,6.9,7.4,0.12,1.15,78,140,8,843,92,197,35,,0,0,0,4,9/10/2018,Peninsular,7.2,1,0,30
1-to-2,58-P1-30-45,Wisconsin,58,,6.95,7.28,1.065,1.02,0.51,1.989,0.924,0.094,0.5,0.552,-0.052,66,15.6,18.4,Sandy Loam,0.7,5.37,7.1,7.4,0.1,0.33,11,84,6,702,94,217,48,,0,0,0,3,9/10/2018,Peninsular,7.2,1,30,45
1-to-2,59-P1-45-55,Wisconsin,59,,6.84,7.2,1.064,0.982,0.491,1.977,0.913,0.07,0.5,0.538,-0.038,70,17.6,12.4,Sandy Loam,0.5,5.64,7,7.4,0.07,0.17,19,54,5,554,95,165,46,,0,0,0,2,9/10/2018,Peninsular,7.2,1,45,55
1-to-2,60-P2-0-20,Wisconsin,60,,7.31,7.57,1.066,0.954,0.477,1.891,0.825,0.135,0.5,0.578,-0.078,52.8,28.8,18.4,Sandy Loam,2.8,4.75,7.5,7.5,0.18,2.47,12,75,3,1411,97,334,38,,0,0,0,6,9/10/2018,Peninsular,7.2,2,0,20
1-to-2,61-P2-20-45,Wisconsin,61,,7.43,7.27,1.067,1.036,0.518,1.988,0.921,0.111,0.5,0.562,-0.062,54.8,24.8,20.4,Sandy Clay Loam,1.2,5.11,7.6,7.5,0.11,3.31,14,45,2,1176,98,308,42,,0,0,0,5,9/10/2018,Peninsular,7.2,2,20,45
1-to-2,62-P2-45-55,Wisconsin,62,,7.47,7.32,1.06,0.977,0.489,1.971,0.911,0.068,0.5,0.536,-0.036,60.8,26.8,12.4,Sandy Loam,0.5,5.53,7.7,7.6,0.09,5.53,10,35,2,743,98,225,48,,0,0,0,3,9/10/2018,Peninsular,7.2,2,45,55
1-to-2,63-P4-0-25,Wisconsin,63,,7.6,7.45,1.075,1.016,0.508,1.942,0.867,0.147,0.5,0.586,-0.086,50.8,32.8,16.4,Loam,3.1,4.49,7.4,7.4,0.21,2.2,12,53,2,1433,98,359,40,,0,0,0,7,9/10/2018,Peninsular,7.2,4,0,25
1-to-2,64-P4-25-35,Wisconsin,64,,7.65,7.56,1.054,1.019,0.51,1.94,0.886,0.131,0.5,0.575,-0.075,50.8,28.8,20.4,Loam,1.9,4.63,7.5,7.4,0.12,1.56,12,45,2,1378,98,360,42,,0,0,0,6,9/10/2018,Peninsular,7.2,4,25,35
1-to-2,65-P4-35-50,Wisconsin,65,,7.37,7.35,1.067,1.005,0.503,1.975,0.908,0.097,0.5,0.553,-0.053,52.8,32.8,14.4,Sandy Loam,0.9,4.86,7.7,7.5,0.09,4.21,22,39,2,881,98,253,46,,0,0,0,4,9/10/2018,Peninsular,7.2,4,35,50
1-to-2,181-Sp11-Cr31-0-20,Spooner,181,,6.46,6.73,1.061,1.053,0.527,1.988,0.927,0.12,0.5,0.568,-0.068,,,,,,,,,,,,,,,,,,,,,,,,Spooner,,,,
1-to-2,182-Sp11-Cr32-0-16,Spooner,182,,7.54,7.33,1.066,1.046,0.523,1.985,0.919,0.121,0.5,0.569,-0.069,,,,,,,,,,,,,,,,,,,,,,,,Spooner,,,,
1-to-2,183-Sp11-Cr33-0-20,Spooner,183,,6.55,6.45,1.061,1.028,0.514,1.965,0.904,0.121,0.5,0.569,-0.069,,,,,,,,,,,,,,,,,,,,,,,,Spooner,,,,
1-to-2,184-Sp12-Cr34-0-16,Spooner,184,,7.09,7.1,1.058,0.971,0.486,1.906,0.848,0.127,0.5,0.573,-0.073,,,,,,,,,,,,,,,,,,,,,,,,Spooner,,,,
1-to-2,185-Sp12-Cr35-0-18,Spooner,185,,6.63,6.8,1.064,1.098,0.549,2.026,0.962,0.124,0.5,0.571,-0.071,,,,,,,,,,,,,,,,,,,,,,,,Spooner,,,,
1-to-2,186-Sp12-Cr36-0-20,Spooner,186,,6.36,6.65,1.007,1.055,0.528,1.937,0.93,0.118,0.5,0.567,-0.067,,,,,,,,,,,,,,,,,,,,,,,,Spooner,,,,
1-to-2,187-Sp13-Cr37-0-20,Spooner,187,,6.56,6.58,1.069,1.044,0.522,1.987,0.918,0.121,0.5,0.569,-0.069,,,,,,,,,,,,,,,,,,,,,,,,Spooner,,,,
1-to-2,188-Sp13-Cr38-0-20,Spooner,188,,6.54,5.98,1.055,0.995,0.498,1.926,0.871,0.125,0.5,0.571,-0.071,,,,,,,,,,,,,,,,,,,,,,,,Spooner,,,,
1-to-2,189-Sp13-Cr39-0-19,Spooner,189,,6.93,6.9,1.069,1.069,0.535,1.998,0.929,0.131,0.5,0.575,-0.075,,,,,,,,,,,,,,,,,,,,,,,,Spooner,,,,
1-to-2,190-Sp14-Cr40-0-17,Spooner,190,,5.92,5.83,1.061,1.082,0.541,2.015,0.954,0.118,0.5,0.567,-0.067,,,,,,,,,,,,,,,,,,,,,,,,Spooner,,,,
1-to-2,191-Sp14-Cr41-0-18,Spooner,191,,5.54,5.59,1.061,0.96,0.48,1.911,0.85,0.115,0.5,0.565,-0.065,,,,,,,,,,,,,,,,,,,,,,,,Spooner,,,,
1-to-2,192-Sp14-Cr42-0-20,Spooner,192,,5.65,5.82,1.075,1.059,0.53,2.019,0.944,0.109,0.5,0.561,-0.061,,,,,,,,,,,,,,,,,,,,,,,,Spooner,,,,
1-to-2,193-Sp15-Cr43-0-18,Spooner,193,,5.72,5.75,1.06,1.016,0.508,1.964,0.904,0.11,0.5,0.562,-0.062,,,,,,,,,,,,,,,,,,,,,,,,Spooner,,,,
1-to-2,194-Sp15-Cr44-0-17,Spooner,194,,5.14,5.32,1.079,1.037,0.519,1.971,0.892,0.14,0.5,0.581,-0.081,,,,,,,,,,,,,,,,,,,,,,,,Spooner,,,,
1-to-2,195-Sp15-Cr45-0-20,Spooner,195,,5.73,5.81,1.062,0.982,0.491,1.91,0.848,0.136,0.5,0.579,-0.079,,,,,,,,,,,,,,,,,,,,,,,,Spooner,,,,
1-to-2,196-Sp16-Cr46-0-20,Spooner,196,,6.54,6.51,1.061,1.046,0.523,1.984,0.923,0.118,0.5,0.567,-0.067,,,,,,,,,,,,,,,,,,,,,,,,Spooner,,,,
1-to-2,197-Sp16-Cr47-0-17,Spooner,197,,6.48,6.78,1.063,1.057,0.529,1.994,0.931,0.119,0.5,0.568,-0.068,,,,,,,,,,,,,,,,,,,,,,,,Spooner,,,,
1-to-2,198-Sp16-Cr48-0-20,Spooner,198,,6.49,6.36,1.058,1.044,0.522,2.007,0.949,0.091,0.5,0.55,-0.05,,,,,,,,,,,,,,,,,,,,,,,,Spooner,,,,
1-to-2,199-Sp17-Cr49-0-20,Spooner,199,,5.12,5.19,1.066,1.173,0.587,2.101,1.035,0.118,0.5,0.567,-0.067,,,,,,,,,,,,,,,,,,,,,,,,Spooner,,,,
1-to-2,200-Sp17-Cr50-0-18,Spooner,200,,5.6,5.7,1.065,1.064,0.532,2.018,0.953,0.104,0.5,0.558,-0.058,,,,,,,,,,,,,,,,,,,,,,,,Spooner,,,,
1-to-2,201-Sp17-Cr51-0-18,Spooner,201,,5.93,5.85,1.007,1.083,0.542,1.976,0.969,0.105,0.5,0.559,-0.059,,,,,,,,,,,,,,,,,,,,,,,,Spooner,,,,
1-to-2,202-Sp18-Cr52-0-18,Spooner,202,,6.68,6.79,1.059,1.06,0.53,1.993,0.934,0.119,0.5,0.567,-0.067,,,,,,,,,,,,,,,,,,,,,,,,Spooner,,,,
1-to-2,203-Sp18-Cr53-0-19,Spooner,203,,7.23,7.14,1.067,1.005,0.503,1.967,0.9,0.104,0.5,0.558,-0.058,,,,,,,,,,,,,,,,,,,,,,,,Spooner,,,,
1-to-2,204-Sp18-Cr54-0-20,Spooner,204,,6.85,6.89,1.052,0.985,0.493,1.932,0.88,0.107,0.5,0.56,-0.06,,,,,,,,,,,,,,,,,,,,,,,,Spooner,,,,
1-to-2,205-Sp19-Cr55-0-20,Spooner,205,,5.69,5.66,1.06,1.051,0.526,2.002,0.942,0.104,0.5,0.558,-0.058,,,,,,,,,,,,,,,,,,,,,,,,Spooner,,,,
1-to-2,206-Sp19-Cr56-0-18,Spooner,206,,5.28,5.4,1.068,1.068,0.534,2.019,0.951,0.11,0.5,0.562,-0.062,,,,,,,,,,,,,,,,,,,,,,,,Spooner,,,,
1-to-2,207-Sp19-Cr57-0-18,Spooner,207,,6.2,6.58,1.007,1.06,0.53,1.947,0.94,0.113,0.5,0.564,-0.064,,,,,,,,,,,,,,,,,,,,,,,,Spooner,,,,
1-to-2,208-Sp20-Cr58-0-20,Spooner,208,,6.8,7.08,1.062,0.994,0.497,1.946,0.884,0.111,0.5,0.562,-0.062,,,,,,,,,,,,,,,,,,,,,,,,Spooner,,,,
1-to-2,209-Sp20-Cr59-0-19,Spooner,209,,5.82,5.89,1.059,1.029,0.515,1.973,0.914,0.112,0.5,0.563,-0.063,,,,,,,,,,,,,,,,,,,,,,,,Spooner,,,,
1-to-2,210-Sp20-Cr60-0-20,Spooner,210,,5.83,6.05,1.055,1.049,0.525,1.975,0.92,0.123,0.5,0.57,-0.07,,,,,,,,,,,,,,,,,,,,,,,,Spooner,,,,
1-to-2,211-Sp1-Cr1-0-20,Spooner,211,,5.4,5.74,1.077,1.063,0.532,2.015,0.938,0.118,0.5,0.567,-0.067,,,,,,,,,,,,,,,,,,,,,,,,Spooner,,,,
1-to-2,212-Sp1-Cr2-0-20,Spooner,212,,5.17,5.27,1.01,0.945,0.473,1.857,0.847,0.104,0.5,0.558,-0.058,,,,,,,,,,,,,,,,,,,,,,,,Spooner,,,,
1-to-2,213-Sp1-Cr3-0-20,Spooner,213,,5.45,5.57,1.06,1.061,0.531,1.993,0.933,0.121,0.5,0.569,-0.069,,,,,,,,,,,,,,,,,,,,,,,,Spooner,,,,
1-to-2,214-Sp2-Cr4-0-20,Spooner,214,,7.66,7.38,1.058,1.032,0.516,1.972,0.914,0.114,0.5,0.565,-0.065,,,,,,,,,,,,,,,,,,,,,,,,Spooner,,,,
1-to-2,215-Sp2-Cr5-0-20,Spooner,215,,6.03,6.36,1.059,1.06,0.53,1.997,0.938,0.115,0.5,0.565,-0.065,,,,,,,,,,,,,,,,,,,,,,,,Spooner,,,,
1-to-2,216-Sp2-Cr6-0-20,Spooner,216,,5.49,5.66,1.052,1.06,0.53,1.991,0.939,0.114,0.5,0.564,-0.064,,,,,,,,,,,,,,,,,,,,,,,,Spooner,,,,
1-to-2,217-Sp3-Cr7-0-20,Spooner,217,,7.05,7.12,1.07,1.04,0.52,1.98,0.91,0.125,0.5,0.571,-0.071,,,,,,,,,,,,,,,,,,,,,,,,Spooner,,,,
1-to-2,218-Sp3-Cr8-0-20,Spooner,218,,6.86,6.98,1.055,1.026,0.513,1.954,0.899,0.124,0.5,0.571,-0.071,,,,,,,,,,,,,,,,,,,,,,,,Spooner,,,,
1-to-2,219-Sp3-Cr9-0-20,Spooner,219,,7.16,7.01,1.066,1.088,0.544,2.025,0.959,0.119,0.5,0.567,-0.067,,,,,,,,,,,,,,,,,,,,,,,,Spooner,,,,
1-to-2,220-Sp4-Cr10-0-20,Spooner,220,,6.03,6.28,1.057,1.064,0.532,2.009,0.952,0.105,0.5,0.559,-0.059,,,,,,,,,,,,,,,,,,,,,,,,Spooner,,,,
1-to-2,221-Sp4-Cr11-0-20,Spooner,221,,6.33,6.67,1.053,1.068,0.534,2.006,0.953,0.108,0.5,0.56,-0.06,,,,,,,,,,,,,,,,,,,,,,,,Spooner,,,,
1-to-2,222-Sp4-Cr12-0-20,Spooner,222,,6.73,6.47,1.074,0.932,0.466,1.9,0.826,0.114,0.5,0.564,-0.064,,,,,,,,,,,,,,,,,,,,,,,,Spooner,,,,
1-to-2,223-Sp5-Cr13-0-20,Spooner,223,,6.9,7.23,1.065,1.016,0.508,1.951,0.886,0.128,0.5,0.573,-0.073,,,,,,,,,,,,,,,,,,,,,,,,Spooner,,,,
1-to-2,224-Sp5-Cr14-0-20,Spooner,224,,6.45,6.57,1.076,1.038,0.519,1.99,0.914,0.119,0.5,0.568,-0.068,,,,,,,,,,,,,,,,,,,,,,,,Spooner,,,,
1-to-2,225-Sp5-Cr15-0-20,Spooner,225,,7.29,7.15,1.06,0.943,0.472,1.9,0.84,0.109,0.5,0.561,-0.061,,,,,,,,,,,,,,,,,,,,,,,,Spooner,,,,
1-to-2,226-Sp6-Cr16-0-15,Spooner,226,,6.94,7.24,1.011,0.96,0.48,1.837,0.826,0.14,0.5,0.581,-0.081,,,,,,,,,,,,,,,,,,,,,,,,Spooner,,,,
1-to-2,227-Sp6-Cr17-0-20,Spooner,227,,6.78,6.9,1.008,1.08,0.54,1.941,0.933,0.136,0.5,0.579,-0.079,,,,,,,,,,,,,,,,,,,,,,,,Spooner,,,,
1-to-2,228-Sp6-Cr18-0-20,Spooner,228,,6.7,6.64,1.06,0.991,0.496,1.922,0.862,0.13,0.5,0.575,-0.075,,,,,,,,,,,,,,,,,,,,,,,,Spooner,,,,
1-to-2,229-Sp7-Cr19-0-20,Spooner,229,,4.95,5.11,1.069,1.046,0.523,1.978,0.909,0.131,0.5,0.575,-0.075,,,,,,,,,,,,,,,,,,,,,,,,Spooner,,,,
1-to-2,230-Sp7-Cr20-0-20,Spooner,230,,4.79,4.95,1.067,1.047,0.524,1.977,0.91,0.131,0.5,0.575,-0.075,,,,,,,,,,,,,,,,,,,,,,,,Spooner,,,,
1-to-2,231-Sp7-Cr21-0-13,Spooner,231,,7.38,7.58,1.062,1.044,0.522,1.96,0.898,0.14,0.5,0.581,-0.081,,,,,,,,,,,,,,,,,,,,,,,,Spooner,,,,
1-to-2,232-Sp8-Cr22-0-20,Spooner,232,,6.74,6.56,1.064,1.007,0.504,1.941,0.877,0.129,0.5,0.574,-0.074,,,,,,,,,,,,,,,,,,,,,,,,Spooner,,,,
1-to-2,233-Sp8-Cr23-0-20,Spooner,233,,6.45,6.43,1.063,1.062,0.531,1.993,0.93,0.124,0.5,0.571,-0.071,,,,,,,,,,,,,,,,,,,,,,,,Spooner,,,,
1-to-2,234-Sp8-Cr24-0-20,Spooner,234,,6.04,6.18,1.054,0.968,0.484,1.908,0.854,0.118,0.5,0.567,-0.067,,,,,,,,,,,,,,,,,,,,,,,,Spooner,,,,
1-to-2,235-Sp9-Cr25-0-15,Spooner,235,,7.45,7.09,1.078,1.02,0.51,1.964,0.886,0.131,0.5,0.576,-0.076,,,,,,,,,,,,,,,,,,,,,,,,Spooner,,,,
1-to-2,236-Sp9-Cr26-0-20,Spooner,236,,6.8,6.9,1.064,0.997,0.499,1.928,0.864,0.133,0.5,0.577,-0.077,,,,,,,,,,,,,,,,,,,,,,,,Spooner,,,,
1-to-2,237-Sp9-Cr27-0-15,Spooner,237,,6.89,7.21,1.055,1.025,0.513,1.93,0.875,0.146,0.5,0.586,-0.086,,,,,,,,,,,,,,,,,,,,,,,,Spooner,,,,
1-to-2,238-Sp10-Cr28-0-20,Spooner,238,,5.69,5.73,1.068,1.018,0.509,1.968,0.9,0.116,0.5,0.566,-0.066,,,,,,,,,,,,,,,,,,,,,,,,Spooner,,,,
1-to-2,239-Sp10-Cr29-0-15,Spooner,239,,5.96,6.01,1.062,1.058,0.529,1.988,0.926,0.125,0.5,0.571,-0.071,,,,,,,,,,,,,,,,,,,,,,,,Spooner,,,,
1-to-2,240-Sp10-Cr30-0-20,Spooner,240,,5.69,5.86,1.075,1.07,0.535,2.009,0.934,0.127,0.5,0.573,-0.073,,,,,,,,,,,,,,,,,,,,,,,,Spooner,,,,
1-to-2,241-Sp-A-Hor-Fridge,,241,,4.94,5.1,1.058,1.022,0.511,2.054,0.996,0.025,0.5,0.513,-0.013,,,,,,,,,,,,,,,,,,,,,,,,Spooner,,,,
1-to-2,242-Sp-B-Hor-Fridge,,242,,5.32,5.46,1.062,0.942,0.471,2.002,0.94,0.002,0.5,0.501,-0.001,,,,,,,,,,,,,,,,,,,,,,,,Spooner,,,,
1-to-3,1-K1-0-17,Wisconsin,1,,5.08,5.15,1.066,1.175,0.392,2.134,1.068,0.091,0.333,0.367,-0.033,64,25.2,10.8,Sandy Loam,2.5,4.6,4.9,6.3,0.13,1.64,99,44,1,237,12,40,3,,0,8.6,87,9,8/23/2018,Kemp,5.4,1,0,17
1-to-3,2-K1-17-45,Wisconsin,2,,5.34,5.44,0.016,1.229,0.41,2.189,2.173,-0.768,0.333,0.189,0.145,68,21.2,10.8,Sandy Loam,1.3,5.36,5.4,6.5,0.09,0.71,101,41,1,194,13,32,4,,0,6.1,85,6,8/23/2018,Kemp,5.4,1,17,45
1-to-3,3-K1-45-60,Wisconsin,3,,5.41,5.57,1.059,1.245,0.415,2.248,1.189,0.045,0.333,0.349,-0.016,72,19.2,8.8,Sandy Loam,0.4,6.28,5.6,7.1,0.08,0.11,37,26,4,327,96,58,28,,0,0,0,1,8/23/2018,Kemp,5.4,1,45,60
1-to-3,5-K3-0-15,Wisconsin,5,,5.01,5.12,1.068,1.239,0.413,2.218,1.15,0.072,0.333,0.359,-0.026,64,27.2,8.8,Sandy Loam,4,4.38,4.7,6.1,0.18,2.52,63,67,1,382,15,85,5,,0,10.9,84,13,8/23/2018,Kemp,5.4,3,0,15
1-to-3,6-K3-15-35,Wisconsin,6,,5.16,5.3,1.058,1.215,0.405,2.158,1.1,0.095,0.333,0.368,-0.035,60,31.2,8.8,Sandy Loam,1.5,5.05,5.1,6.4,0.12,0.77,40,57,2,170,11,39,4,,0,7,87,7,8/23/2018,Kemp,5.4,3,15,35
1-to-3,7-K3-35-50,Wisconsin,7,,5.13,5.25,1.068,1.239,0.413,2.231,1.163,0.061,0.333,0.355,-0.022,70,19.2,10.8,Sandy Loam,0.8,5.76,5.2,6.7,0.11,0.33,24,63,3,189,19,38,6,,0,4,78,4,8/23/2018,Kemp,5.4,3,35,50
1-to-3,8-K4-0-15,Wisconsin,8,,4.77,4.94,1.081,1.19,0.397,2.195,1.114,0.064,0.333,0.356,-0.023,78,15.2,6.8,Loamy Sand,2.5,4.89,4.5,6.1,0.13,1.63,18,42,1,122,5,22,2,,0,10.7,94,10,8/23/2018,Kemp,5.4,4,0,15
1-to-3,9-K4-15-30,Wisconsin,9,,5.06,5.13,1.069,1.242,0.414,2.235,1.166,0.061,0.333,0.355,-0.022,74,15.2,10.8,Sandy Loam,1.4,5.44,5,6.4,0.11,0.68,64,29,1,22,1,6,1,,0,7.3,98,6,8/23/2018,Kemp,5.4,4,15,30
1-to-3,10-K4-30-50,Wisconsin,10,,4.99,5.11,1.069,1.242,0.414,2.247,1.178,0.052,0.333,0.351,-0.018,72,15.2,12.8,Sandy Loam,0.8,5.51,4.4,6.5,0.11,0.34,16,23,1,22,2,5,1,,0,5.5,97,4,8/23/2018,Kemp,5.4,4,30,50
1-to-3,11-R1-0-27,Wisconsin,11,,5.44,5.68,1.064,1.197,0.399,2.22,1.156,0.034,0.333,0.345,-0.012,82,11.2,6.8,Loamy Sand,1.2,6.16,5.5,6.8,0.13,0.81,197,62,6,134,23,8,2,,0,2,71,2,8/24/2018,Rhinelander,5.5,1,0,27
1-to-3,12-R1-27-50,Wisconsin,12,,5.52,5.74,1.001,1.227,0.409,2.199,1.198,0.024,0.333,0.341,-0.008,94,1.2,4.8,Sand,0.2,6.4,5.9,7.3,0.11,0.05,39,47,23,81,77,5,8,,0,0,0,0,8/24/2018,Rhinelander,5.5,1,27,50
1-to-3,13-R1-50-70,Wisconsin,13,,5.38,5.7,1.07,1.274,0.425,2.301,1.231,0.034,0.333,0.345,-0.012,97.6,-0.4,2.8,Sand,0.2,6.48,5.9,7.4,0.07,0.01,25,35,28,47,72,3,8,,0,0,0,0,8/24/2018,Rhinelander,5.5,1,50,70
1-to-3,14-R2-0-30,Wisconsin,14,,6.77,6.85,1.068,1.243,0.414,2.295,1.227,0.013,0.333,0.338,-0.004,89.6,5.6,4.8,Sand,1.2,6.06,6.6,7.4,0.1,0.71,163,47,3,897,97,14,2,,0,0,0,3,8/24/2018,Rhinelander,5.5,2,0,30
1-to-3,15-R2-30-45,Wisconsin,15,,5.87,6.23,1.05,1.209,0.403,2.252,1.202,0.006,0.333,0.335,-0.002,93.6,1.6,4.8,Sand,0.3,6.59,6.6,7.4,0.07,0.06,47,23,8,139,92,3,3,,0,0,0,0,8/24/2018,Rhinelander,5.5,2,30,45
1-to-3,16-R2-45-60,Wisconsin,16,,5.72,6.12,1.005,1.247,0.416,2.245,1.24,0.006,0.333,0.335,-0.002,93.6,1.6,4.8,Sand,0.2,6.59,6.2,7.4,0.06,0.05,34,27,14,84,86,4,7,,0,0,0,0,8/24/2018,Rhinelander,5.5,2,45,60
1-to-3,17-R2-60-100,Wisconsin,17,,5.91,6.25,1.063,1.234,0.411,2.284,1.221,0.011,0.333,0.337,-0.004,95.6,1.6,2.8,Sand,0.1,6.51,6.5,7.5,0.06,0.04,26,28,14,85,86,3,5,,0,0,0,0,8/24/2018,Rhinelander,5.5,2,60,100
1-to-3,18-R3-0-20,Wisconsin,18,,5.71,6.07,1.061,1.168,0.389,2.15,1.089,0.068,0.333,0.358,-0.024,73.6,19.6,6.8,Sandy Loam,1.5,5.54,5.9,6.9,0.1,1.12,275,82,5,493,60,28,6,,0,1.4,35,3,8/24/2018,Rhinelander,5.5,3,0,20
1-to-3,19-R3-20-30,Wisconsin,19,,5.44,5.72,1.063,1.201,0.4,2.185,1.122,0.066,0.333,0.357,-0.023,77.6,15.6,6.8,Loamy Sand,0.7,5.81,5.8,6.9,0.09,0.32,89,57,9,139,45,16,8,,0,0.7,46,1,8/24/2018,Rhinelander,5.5,3,20,30
1-to-3,20-M1-0-31,Wisconsin,20,,6.51,6.91,1.009,1.275,0.425,1.998,0.989,0.224,0.333,0.43,-0.096,21.6,61.6,16.8,Silt Loam,3.3,4.02,7.1,7.3,0.24,1.95,33,94,3,1439,97,423,47,,0,0,0,8,9/7/2018,Marshfield,5.65,1,0,31
1-to-3,21-M1-31-50,Wisconsin,21,,5.79,6.41,1.064,1.36,0.453,2.185,1.121,0.176,0.333,0.404,-0.071,17.6,59.6,22.8,Silt Loam,1.1,4.62,6.7,7.1,0.11,0.31,18,54,2,1158,98,544,75,,0,0,0,5,9/7/2018,Marshfield,5.65,1,31,50
1-to-3,22-M1-50-70,Wisconsin,22,,5.15,5.33,1.01,1.249,0.416,2.064,1.054,0.156,0.333,0.395,-0.062,29.6,37.6,32.8,Clay Loam,1,4.6,4.8,6.1,0.1,0.12,8,67,1,1281,37,633,30,,0,10.7,62,16,9/7/2018,Marshfield,5.65,1,50,70
1-to-3,23-M2-0-24,Wisconsin,23,,6.8,7.15,1.061,1.241,0.414,2.027,0.966,0.222,0.333,0.428,-0.095,19.6,63.6,16.8,Silt Loam,3,4.29,7.1,7.3,0.22,1.89,40,118,4,1446,96,428,47,,0,0,0,7,9/7/2018,Marshfield,5.65,2,0,24
1-to-3,24-M2-24-38,Wisconsin,24,,6.47,6.87,1.069,1.254,0.418,2.139,1.07,0.147,0.333,0.391,-0.057,39.6,39.6,20.8,Loam,0.9,4.91,7.1,7.2,0.08,0.2,10,70,3,1233,97,516,67,,0,0,0,5,9/7/2018,Marshfield,5.65,2,24,38
1-to-3,25-M2-38-55,Wisconsin,25,,5.34,5.76,1.078,1.3,0.433,2.191,1.113,0.144,0.333,0.389,-0.056,47.2,25.2,27.6,Sandy Clay Loam,0.8,4.8,5.2,6.7,0.1,0.06,10,90,2,1398,64,568,43,,0,3.7,34,10,9/7/2018,Marshfield,5.65,2,38,55
1-to-3,26-M3-0-15,Wisconsin,26,,5.87,6.33,1.058,1.257,0.419,1.844,0.786,0.375,0.333,0.533,-0.2,19.2,57.2,23.6,Silt Loam,3.6,3.87,5.5,6.7,0.22,2.2,35,147,4,1144,57,291,24,,0,4,39,11,9/7/2018,Marshfield,5.65,3,0,15
1-to-3,27-M3-15-30,Wisconsin,27,,5.34,5.71,1.067,1.225,0.408,2.119,1.052,0.141,0.333,0.388,-0.055,49.2,25.2,25.6,Sandy Clay Loam,0.8,4.77,5,6.6,0.08,0.26,18,59,1,1368,57,426,29,,0,4.9,41,11,9/7/2018,Marshfield,5.65,3,15,30
1-to-3,28-S-0-30,Wisconsin,28,,4.98,5.25,1.068,1.228,0.409,2.181,1.113,0.094,0.333,0.368,-0.034,75.2,17.2,7.6,Sandy Loam,1.3,5.93,4.7,6.6,0.08,0.88,45,62,3,249,21,46,6,,0,4.6,76,4,11/3/2017,Spooner,5.8,,0,30
1-to-3,29-S-30-60,Wisconsin,29,,5.44,5.62,1.005,1.227,0.409,2.195,1.19,0.03,0.333,0.344,-0.01,81.2,7.2,11.6,Sandy Loam,0.6,6.08,5.5,7,0.08,0.16,25,120,10,500,85,93,26,,0,0.1,4,2,11/3/2017,Spooner,5.8,,30,60
1-to-3,30-H1-0-30,Wisconsin,30,,6.76,6.92,1.063,1.265,0.422,2.287,1.224,0.032,0.333,0.344,-0.011,87.2,7.2,5.6,Loamy Sand,1,6.25,7.3,7.5,0.12,0.89,106,58,5,612,95,159,41,,0,0,0,2,9/17/2018,Hancock,6.2,1,0,30
1-to-3,31-H1-30-40,Wisconsin,31,,6.5,7.05,1.051,1.242,0.414,2.223,1.172,0.056,0.333,0.353,-0.02,87.2,7.2,5.6,Loamy Sand,0.5,6.09,7.5,7.5,0.06,0.26,92,56,6,433,94,118,42,,0,0,0,2,9/17/2018,Hancock,6.2,1,30,40
1-to-3,32-H1-40-60,Wisconsin,32,,6.53,6.95,1.058,1.273,0.424,2.264,1.206,0.053,0.333,0.352,-0.019,85.2,7.2,7.6,Loamy Sand,0.4,6.1,7.4,7.5,0.06,0.1,73,53,8,323,92,101,47,,0,0,0,1,9/17/2018,Hancock,6.2,1,40,60
1-to-3,33-H2-0-30,Wisconsin,33,,6.46,6.91,1.073,1.241,0.414,2.252,1.179,0.05,0.333,0.351,-0.018,87.2,7.2,5.6,Loamy Sand,0.8,5.91,7.2,7.5,0.05,0.38,74,50,5,498,95,128,40,,0,0,0,2,9/17/2018,Hancock,6.2,2,0,30
1-to-3,34-H2-30-60,Wisconsin,34,,6.62,6.88,1.061,1.219,0.406,2.222,1.161,0.048,0.333,0.35,-0.017,87.2,5.2,7.6,Loamy Sand,0.4,6.04,7.2,7.5,0.03,0.1,85,40,7,280,93,96,52,,0,0,0,1,9/17/2018,Hancock,6.2,2,30,60
1-to-3,35-A249-0-35,Wisconsin,35,,6.86,7.17,1.065,1.204,0.401,2.045,0.98,0.186,0.333,0.41,-0.076,11.2,65.2,23.6,Silt Loam,3.6,4.07,7.2,7.3,0.21,2.23,28,78,2,1785,98,505,45,,0,0,0,10,8/31/2018,Arlington,6.5,249,0,35
1-to-3,36-A249-35-60,Wisconsin,36,,6.8,7.1,1.061,1.234,0.411,2.068,1.007,0.184,0.333,0.408,-0.075,1.2,67.6,31.2,Silty Clay Loam,1.7,4.42,7.3,7.2,0.15,0.7,13,68,2,1722,98,667,62,,0,0,0,8,8/31/2018,Arlington,6.5,249,35,60
1-to-3,37-A341-0-33,Wisconsin,37,,6.81,7.11,1.069,1.203,0.401,2.051,0.982,0.184,0.333,0.408,-0.075,25.2,51.6,23.2,Silt Loam,3.5,4.41,7.4,7.3,0.22,2.7,32,76,2,2014,98,527,42,,0,0,0,10,8/31/2018,Arlington,6.5,341,0,33
1-to-3,38-A341-33-55,Wisconsin,38,,6.91,7.18,1.055,1.241,0.414,1.98,0.925,0.255,0.333,0.447,-0.114,9.2,61.6,29.2,Silty Clay Loam,4.6,3.61,7.3,7.1,0.26,3.02,35,34,1,2071,99,530,42,,0,0,0,12,8/31/2018,Arlington,6.5,341,33,55
1-to-3,39-A341-55-75,Wisconsin,39,,6.67,7.04,1.07,1.245,0.415,2.03,0.96,0.229,0.333,0.432,-0.099,5.2,65.6,29.2,Silty Clay Loam,3.3,3.9,7.2,7.1,0.21,2.02,28,37,1,1652,99,514,50,,0,0,0,9,8/31/2018,Arlington,6.5,341,55,75
1-to-3,40-A341-75-85,Wisconsin,40,,6.79,7.14,1.063,1.207,0.402,2.026,0.963,0.202,0.333,0.418,-0.084,5.2,71.6,23.2,Silt Loam,1.7,4.3,7.2,7.1,0.1,0.83,9,39,2,980,98,574,94,,0,0,0,5,8/31/2018,Arlington,6.5,341,75,85
1-to-3,41-L2-0-23,Wisconsin,41,,6.46,6.84,1.07,1.2,0.4,2.015,0.945,0.213,0.333,0.423,-0.09,9.2,73.6,17.2,Silt Loam,2.6,4.17,7,7.3,0.22,1.71,14,72,3,1288,97,347,43,,0,0,0,7,8/30/2018,Lancaster,6.6,2,0,23
1-to-3,42-L2-23-45,Wisconsin,42,,6.56,7.05,1.062,1.213,0.404,2.049,0.987,0.186,0.333,0.41,-0.076,3.2,71.6,25.2,Silt Loam,1.3,4.53,7.3,7.3,0.13,0.55,9,62,2,1330,98,444,53,,0,0,0,6,8/30/2018,Lancaster,6.6,2,23,45
1-to-3,43-L3-0-12,Wisconsin,43,,5.92,6.35,1.055,1.182,0.394,2.011,0.956,0.191,0.333,0.412,-0.079,7.2,67.6,25.2,Silt,2.8,4.28,6.5,7.1,0.15,1.58,17,116,4,1502,96,470,49,,0,0,0,8,8/30/2018,Lancaster,6.6,3,0,12
1-to-3,44-L3-12-20,Wisconsin,44,,6.1,6.45,1.062,1.231,0.41,2.058,0.996,0.191,0.333,0.412,-0.079,5.2,65.6,29.2,Silty Clay Loam,2,4.42,6.7,7.1,0.14,0.82,10,78,2,1617,98,545,54,,0,0,0,8,8/30/2018,Lancaster,6.6,3,12,20
1-to-3,45-L3-20-40,Wisconsin,45,,6.08,6.46,1.053,1.244,0.415,2.074,1.021,0.179,0.333,0.406,-0.073,3.2,61.6,35.2,Silty Clay Loam,1.5,4.42,6.8,7,0.13,0.48,22,100,3,1984,97,723,58,,0,0,0,10,8/30/2018,Lancaster,6.6,3,20,40
1-to-3,46-L4-0-10,Wisconsin,46,,5.87,6.14,1.058,1.19,0.397,1.972,0.914,0.232,0.333,0.434,-0.101,9.2,71.6,19.2,Silt Loam,3.1,4.01,6.2,6.9,0.2,1.94,10,58,2,1193,87,264,32,,0,0.7,11,7,8/30/2018,Lancaster,6.6,4,0,10
1-to-3,47-L4-10-20,Wisconsin,47,,5.8,6.07,1.005,1.262,0.421,1.992,0.987,0.218,0.333,0.426,-0.093,7.2,73.6,19.2,Silt,2.8,4.11,5.9,6.9,0.23,1.7,18,47,2,1074,74,209,24,,0,1.8,25,8,8/30/2018,Lancaster,6.6,4,10,20
1-to-3,48-L4-20-40,Wisconsin,48,,5.65,6.03,1.061,1.248,0.416,2.069,1.008,0.192,0.333,0.413,-0.079,8,71.6,20.4,Silt Loam,1.3,4.39,6.1,7,0.14,0.63,10,42,2,1053,98,184,28,,0,0,0,5,8/30/2018,Lancaster,6.6,4,20,40
1-to-3,50-W4-0-28,Wisconsin,50,,6.68,6.98,1.052,1.245,0.415,2.081,1.029,0.173,0.333,0.403,-0.07,34,41.6,24.4,Loam,3.1,4.62,6.9,7.2,0.22,1.99,8,72,2,1841,98,618,54,,0,0,0,9,8/31/2018,West Madison,6.7,4,0,28
1-to-3,51-W4-28-45,Wisconsin,51,,6.74,7.06,1.04,1.275,0.425,2.118,1.078,0.155,0.333,0.394,-0.061,42,29.6,28.4,Clay Loam,1.5,4.74,7,7.2,0.09,0.65,5,65,2,1574,98,669,68,,0,0,0,7,8/31/2018,West Madison,6.7,4,28,45
1-to-3,52-W4-45-55,Wisconsin,52,,6.64,6.9,1.03,1.204,0.401,2.073,1.043,0.134,0.333,0.385,-0.051,65.72580645,17.74193548,16.53225806,Sandy Loam,0.8,5.16,7,7.3,0.1,0.4,10,49,3,816,97,344,67,,0,0,0,3,8/31/2018,West Madison,6.7,4,45,55
1-to-3,53-W5-0-35,Wisconsin,53,,5.93,6.37,1.049,1.197,0.399,2.022,0.973,0.187,0.333,0.41,-0.077,8,65.6,26.4,Silt Loam,3.4,4.27,6.4,6.8,0.23,2.36,32,100,2,1656,77,448,34,,0,2.3,21,11,8/16/2018,West Madison,6.7,5,0,35
1-to-3,54-W5-35-65,Wisconsin,54,,5.75,6.13,1.038,1.214,0.405,1.955,0.917,0.245,0.333,0.441,-0.108,8,63.6,28.4,Silty Clay Loam,4.3,3.99,5.8,6.4,0.26,2.96,12,56,1,1524,50,392,21,,0,7.6,49,16,8/16/2018,West Madison,6.7,5,35,65
1-to-3,55-W7-0-15,Wisconsin,55,,5.79,6.35,1.038,1.179,0.393,2.029,0.991,0.159,0.333,0.397,-0.063,14,61.6,24.4,Silt Loam,2.9,4.35,6,6.9,0.25,2.03,28,71,2,1752,88,517,43,,0,1,10,10,8/16/2018,West Madison,6.7,7,0,15
1-to-3,56-W7-15-30,Wisconsin,56,,5.53,5.92,1.045,1.212,0.404,2.041,0.996,0.178,0.333,0.406,-0.072,4,67.6,28.4,Silty Clay Loam,1.9,4.22,5.6,6.8,0.15,1.04,9,45,1,1365,73,444,39,,0,2.4,26,9,8/16/2018,West Madison,6.7,7,15,30
1-to-3,57-P1-0-30,Wisconsin,57,,6.84,7.15,1.056,1.213,0.404,2.137,1.081,0.109,0.333,0.374,-0.041,64,23.6,12.4,Sandy Loam,1.5,5.04,6.9,7.4,0.12,1.15,78,140,8,843,92,197,35,,0,0,0,4,9/10/2018,Peninsular,7.2,1,0,30
1-to-3,58-P1-30-45,Wisconsin,58,,6.49,6.95,1.032,1.187,0.396,2.117,1.085,0.086,0.333,0.365,-0.031,66,15.6,18.4,Sandy Loam,0.7,5.37,7.1,7.4,0.1,0.33,11,84,6,702,94,217,48,,0,0,0,3,9/10/2018,Peninsular,7.2,1,30,45
1-to-3,59-P1-45-55,Wisconsin,59,,6.44,6.9,1.033,1.214,0.405,2.154,1.121,0.077,0.333,0.361,-0.028,70,17.6,12.4,Sandy Loam,0.5,5.64,7,7.4,0.07,0.17,19,54,5,554,95,165,46,,0,0,0,2,9/10/2018,Peninsular,7.2,1,45,55
1-to-3,60-P2-0-20,Wisconsin,60,,7.13,7.33,1.038,1.193,0.398,2.077,1.039,0.129,0.333,0.383,-0.049,52.8,28.8,18.4,Sandy Loam,2.8,4.75,7.5,7.5,0.18,2.47,12,75,3,1411,97,334,38,,0,0,0,6,9/10/2018,Peninsular,7.2,2,0,20
1-to-3,61-P2-20-45,Wisconsin,61,,7.2,7.4,1.062,1.224,0.408,2.153,1.091,0.109,0.333,0.374,-0.041,54.8,24.8,20.4,Sandy Clay Loam,1.2,5.11,7.6,7.5,0.11,3.31,14,45,2,1176,98,308,42,,0,0,0,5,9/10/2018,Peninsular,7.2,2,20,45
1-to-3,62-P2-45-55,Wisconsin,62,,7.01,7.4,1.032,1.212,0.404,2.161,1.129,0.068,0.333,0.358,-0.025,60.8,26.8,12.4,Sandy Loam,0.5,5.53,7.7,7.6,0.09,5.53,10,35,2,743,98,225,48,,0,0,0,3,9/10/2018,Peninsular,7.2,2,45,55
1-to-3,63-P4-0-25,Wisconsin,63,,7.23,7.52,1.049,1.22,0.407,2.085,1.036,0.151,0.333,0.393,-0.059,50.8,32.8,16.4,Loam,3.1,4.49,7.4,7.4,0.21,2.2,12,53,2,1433,98,359,40,,0,0,0,7,9/10/2018,Peninsular,7.2,4,0,25
1-to-3,64-P4-25-35,Wisconsin,64,,7.24,7.5,1.029,1.195,0.398,2.057,1.028,0.14,0.333,0.387,-0.054,50.8,28.8,20.4,Loam,1.9,4.63,7.5,7.4,0.12,1.56,12,45,2,1378,98,360,42,,0,0,0,6,9/10/2018,Peninsular,7.2,4,25,35
1-to-3,65-P4-35-50,Wisconsin,65,,7.44,7.4,1.057,1.209,0.403,2.144,1.087,0.101,0.333,0.371,-0.037,52.8,32.8,14.4,Sandy Loam,0.9,4.86,7.7,7.5,0.09,4.21,22,39,2,881,98,253,46,,0,0,0,4,9/10/2018,Peninsular,7.2,4,35,50
1-to-3,181-Sp11-Cr31-0-20,Spooner,181,,6.38,7.1,1.061,1.188,0.396,2.103,1.042,0.123,0.333,0.38,-0.047,,,,,,,,,,,,,,,,,,,,,,,,Spooner,,,,
1-to-3,182-Sp11-Cr32-0-16,Spooner,182,,7.14,7.5,1.048,1.198,0.399,2.095,1.047,0.126,0.333,0.381,-0.048,,,,,,,,,,,,,,,,,,,,,,,,Spooner,,,,
1-to-3,183-Sp11-Cr33-0-20,Spooner,183,,6.01,6.58,1.042,1.216,0.405,2.112,1.07,0.12,0.333,0.379,-0.045,,,,,,,,,,,,,,,,,,,,,,,,Spooner,,,,
1-to-3,184-Sp12-Cr34-0-16,Spooner,184,,6.56,6.87,1.046,1.167,0.389,2.073,1.027,0.12,0.333,0.379,-0.045,,,,,,,,,,,,,,,,,,,,,,,,Spooner,,,,
1-to-3,185-Sp12-Cr35-0-18,Spooner,185,,6.37,6.54,1.038,1.2,0.4,2.057,1.019,0.151,0.333,0.393,-0.059,,,,,,,,,,,,,,,,,,,,,,,,Spooner,,,,
1-to-3,186-Sp12-Cr36-0-20,Spooner,186,,6.48,6.93,1.059,1.27,0.423,2.17,1.111,0.125,0.333,0.381,-0.048,,,,,,,,,,,,,,,,,,,,,,,,Spooner,,,,
1-to-3,187-Sp13-Cr37-0-20,Spooner,187,,6.59,6.89,1.057,1.24,0.413,2.142,1.085,0.125,0.333,0.381,-0.048,,,,,,,,,,,,,,,,,,,,,,,,Spooner,,,,
1-to-3,188-Sp13-Cr38-0-20,Spooner,188,,5.58,6.12,1.043,1.191,0.397,2.086,1.043,0.124,0.333,0.381,-0.047,,,,,,,,,,,,,,,,,,,,,,,,Spooner,,,,
1-to-3,189-Sp13-Cr39-0-19,Spooner,189,,6.63,7.02,1.079,1.229,0.41,2.155,1.076,0.124,0.333,0.381,-0.047,,,,,,,,,,,,,,,,,,,,,,,,Spooner,,,,
1-to-3,190-Sp14-Cr40-0-17,Spooner,190,,5.39,5.83,1.038,1.2,0.4,2.095,1.057,0.119,0.333,0.378,-0.045,,,,,,,,,,,,,,,,,,,,,,,,Spooner,,,,
1-to-3,191-Sp14-Cr41-0-18,Spooner,191,,5.45,5.79,1.048,1.172,0.391,2.085,1.037,0.115,0.333,0.377,-0.043,,,,,,,,,,,,,,,,,,,,,,,,Spooner,,,,
1-to-3,192-Sp14-Cr42-0-20,Spooner,192,,5.48,5.86,1.043,1.277,0.426,2.173,1.13,0.115,0.333,0.377,-0.043,,,,,,,,,,,,,,,,,,,,,,,,Spooner,,,,
1-to-3,193-Sp15-Cr43-0-18,Spooner,193,,5.04,5.53,1.031,1.176,0.392,2.073,1.042,0.114,0.333,0.376,-0.043,,,,,,,,,,,,,,,,,,,,,,,,Spooner,,,,
1-to-3,194-Sp15-Cr44-0-17,Spooner,194,,4.85,5.26,1.047,1.189,0.396,2.074,1.027,0.136,0.333,0.386,-0.053,,,,,,,,,,,,,,,,,,,,,,,,Spooner,,,,
1-to-3,195-Sp15-Cr45-0-20,Spooner,195,,5.36,5.7,1.079,1.057,0.352,2.001,0.922,0.128,0.333,0.382,-0.049,,,,,,,,,,,,,,,,,,,,,,,,Spooner,,,,
1-to-3,196-Sp16-Cr46-0-20,Spooner,196,,6.6,6.69,1.042,0.969,0.323,1.889,0.847,0.126,0.333,0.381,-0.048,,,,,,,,,,,,,,,,,,,,,,,,Spooner,,,,
1-to-3,197-Sp16-Cr47-0-17,Spooner,197,,6.15,6.45,1.033,1.225,0.408,2.115,1.082,0.117,0.333,0.377,-0.044,,,,,,,,,,,,,,,,,,,,,,,,Spooner,,,,
1-to-3,198-Sp16-Cr48-0-20,Spooner,198,,6.04,6.38,1.06,1.239,0.413,2.145,1.085,0.124,0.333,0.381,-0.047,,,,,,,,,,,,,,,,,,,,,,,,Spooner,,,,
1-to-3,199-Sp17-Cr49-0-20,Spooner,199,,4.94,5.28,1.045,1.209,0.403,2.111,1.066,0.118,0.333,0.378,-0.045,,,,,,,,,,,,,,,,,,,,,,,,Spooner,,,,
1-to-3,200-Sp17-Cr50-0-18,Spooner,200,,5.21,5.64,1.033,1.201,0.4,2.104,1.071,0.108,0.333,0.374,-0.04,,,,,,,,,,,,,,,,,,,,,,,,Spooner,,,,
1-to-3,201-Sp17-Cr51-0-18,Spooner,201,,5.36,5.78,1.037,1.184,0.395,2.094,1.057,0.107,0.333,0.373,-0.04,,,,,,,,,,,,,,,,,,,,,,,,Spooner,,,,
1-to-3,202-Sp18-Cr52-0-18,Spooner,202,,7.06,6.86,1.068,1.174,0.391,2.086,1.018,0.133,0.333,0.384,-0.051,,,,,,,,,,,,,,,,,,,,,,,,Spooner,,,,
1-to-3,203-Sp18-Cr53-0-19,Spooner,203,,6.94,6.89,1.045,1.179,0.393,2.092,1.047,0.112,0.333,0.375,-0.042,,,,,,,,,,,,,,,,,,,,,,,,Spooner,,,,
1-to-3,204-Sp18-Cr54-0-20,Spooner,204,,6.68,6.9,1.055,1.181,0.394,2.085,1.03,0.128,0.333,0.382,-0.049,,,,,,,,,,,,,,,,,,,,,,,,Spooner,,,,
1-to-3,205-Sp19-Cr55-0-20,Spooner,205,,5.38,5.76,1.034,1.251,0.417,2.155,1.121,0.104,0.333,0.372,-0.039,,,,,,,,,,,,,,,,,,,,,,,,Spooner,,,,
1-to-3,206-Sp19-Cr56-0-18,Spooner,206,,4.95,5.35,1.054,1.188,0.396,2.114,1.06,0.108,0.333,0.374,-0.04,,,,,,,,,,,,,,,,,,,,,,,,Spooner,,,,
1-to-3,207-Sp19-Cr57-0-18,Spooner,207,,6.2,6.37,1.037,1.192,0.397,2.089,1.052,0.117,0.333,0.378,-0.044,,,,,,,,,,,,,,,,,,,,,,,,Spooner,,,,
1-to-3,208-Sp20-Cr58-0-20,Spooner,208,,6.29,6.22,1.054,1.183,0.394,2.099,1.045,0.117,0.333,0.377,-0.044,,,,,,,,,,,,,,,,,,,,,,,,Spooner,,,,
1-to-3,209-Sp20-Cr59-0-19,Spooner,209,,5.61,5.74,1.047,1.211,0.404,2.126,1.079,0.109,0.333,0.374,-0.041,,,,,,,,,,,,,,,,,,,,,,,,Spooner,,,,
1-to-3,210-Sp20-Cr60-0-20,Spooner,210,,5.75,6.11,1.029,1.199,0.4,2.08,1.051,0.123,0.333,0.38,-0.047,,,,,,,,,,,,,,,,,,,,,,,,Spooner,,,,
1-to-3,211-Sp1-Cr1-0-20,Spooner,211,,4.71,5.06,1.03,1.233,0.411,2.121,1.091,0.115,0.333,0.377,-0.043,,,,,,,,,,,,,,,,,,,,,,,,Spooner,,,,
1-to-3,212-Sp1-Cr2-0-20,Spooner,212,,4.95,5.34,1.032,1.203,0.401,2.089,1.057,0.121,0.333,0.379,-0.046,,,,,,,,,,,,,,,,,,,,,,,,Spooner,,,,
1-to-3,213-Sp1-Cr3-0-20,Spooner,213,,7.08,6.93,1.042,1.25,0.417,2.149,1.107,0.114,0.333,0.376,-0.043,,,,,,,,,,,,,,,,,,,,,,,,Spooner,,,,
1-to-3,214-Sp2-Cr4-0-20,Spooner,214,,6.02,6.19,1.045,1.211,0.404,2.116,1.071,0.116,0.333,0.377,-0.044,,,,,,,,,,,,,,,,,,,,,,,,Spooner,,,,
1-to-3,215-Sp2-Cr5-0-20,Spooner,215,,5.91,6.28,1.051,1.229,0.41,2.117,1.066,0.133,0.333,0.384,-0.051,,,,,,,,,,,,,,,,,,,,,,,,Spooner,,,,
1-to-3,216-Sp2-Cr6-0-20,Spooner,216,,5.42,5.58,1.042,1.193,0.398,2.088,1.046,0.123,0.333,0.38,-0.047,,,,,,,,,,,,,,,,,,,,,,,,Spooner,,,,
1-to-3,217-Sp3-Cr7-0-20,Spooner,217,,6.53,6.72,1.043,1.25,0.417,2.138,1.095,0.124,0.333,0.381,-0.047,,,,,,,,,,,,,,,,,,,,,,,,Spooner,,,,
1-to-3,218-Sp3-Cr8-0-20,Spooner,218,,6.57,6.85,1.029,1.196,0.399,2.071,1.042,0.129,0.333,0.383,-0.049,,,,,,,,,,,,,,,,,,,,,,,,Spooner,,,,
1-to-3,219-Sp3-Cr9-0-20,Spooner,219,,6.47,6.98,1.037,1.263,0.421,2.138,1.101,0.128,0.333,0.382,-0.049,,,,,,,,,,,,,,,,,,,,,,,,Spooner,,,,
1-to-3,220-Sp4-Cr10-0-20,Spooner,220,,6.15,6.47,1.072,1.215,0.405,2.159,1.087,0.105,0.333,0.373,-0.039,,,,,,,,,,,,,,,,,,,,,,,,Spooner,,,,
1-to-3,221-Sp4-Cr11-0-20,Spooner,221,,6.44,6.51,1.057,1.165,0.388,2.099,1.042,0.106,0.333,0.373,-0.039,,,,,,,,,,,,,,,,,,,,,,,,Spooner,,,,
1-to-3,222-Sp4-Cr12-0-20,Spooner,222,,6.38,6.54,1.06,1.247,0.416,2.165,1.105,0.114,0.333,0.376,-0.043,,,,,,,,,,,,,,,,,,,,,,,,Spooner,,,,
1-to-3,223-Sp5-Cr13-0-20,Spooner,223,,6.93,7.13,1.073,1.245,0.415,2.151,1.078,0.134,0.333,0.385,-0.052,,,,,,,,,,,,,,,,,,,,,,,,Spooner,,,,
1-to-3,224-Sp5-Cr14-0-20,Spooner,224,,6.37,6.56,1.035,1.216,0.405,2.112,1.077,0.114,0.333,0.376,-0.043,,,,,,,,,,,,,,,,,,,,,,,,Spooner,,,,
1-to-3,225-Sp5-Cr15-0-20,Spooner,225,,7.02,7.14,1.029,1.223,0.408,2.112,1.083,0.114,0.333,0.376,-0.043,,,,,,,,,,,,,,,,,,,,,,,,Spooner,,,,
1-to-3,226-Sp6-Cr16-0-15,Spooner,226,,6.78,6.98,1.031,1.245,0.415,2.11,1.079,0.133,0.333,0.385,-0.051,,,,,,,,,,,,,,,,,,,,,,,,Spooner,,,,
1-to-3,227-Sp6-Cr17-0-20,Spooner,227,,6.57,6.77,1.036,1.22,0.407,2.063,1.027,0.158,0.333,0.396,-0.063,,,,,,,,,,,,,,,,,,,,,,,,Spooner,,,,
1-to-3,228-Sp6-Cr18-0-20,Spooner,228,,6.7,6.63,1.051,1.217,0.406,2.111,1.06,0.129,0.333,0.383,-0.049,,,,,,,,,,,,,,,,,,,,,,,,Spooner,,,,
1-to-3,229-Sp7-Cr19-0-20,Spooner,229,,4.84,5.09,1.037,1.254,0.418,2.121,1.084,0.136,0.333,0.386,-0.052,,,,,,,,,,,,,,,,,,,,,,,,Spooner,,,,
1-to-3,230-Sp7-Cr20-0-20,Spooner,230,,4.61,4.8,1.054,1.141,0.38,2.044,0.99,0.132,0.333,0.384,-0.051,,,,,,,,,,,,,,,,,,,,,,,,Spooner,,,,
1-to-3,231-Sp7-Cr21-0-13,Spooner,231,,5.42,5.72,1.044,1.221,0.407,2.099,1.055,0.136,0.333,0.386,-0.052,,,,,,,,,,,,,,,,,,,,,,,,Spooner,,,,
1-to-3,232-Sp8-Cr22-0-20,Spooner,232,,5.81,6.12,1.06,1.226,0.409,2.129,1.069,0.128,0.333,0.382,-0.049,,,,,,,,,,,,,,,,,,,,,,,,Spooner,,,,
1-to-3,233-Sp8-Cr23-0-20,Spooner,233,,5.66,5.98,1.044,1.211,0.404,2.107,1.063,0.122,0.333,0.38,-0.046,,,,,,,,,,,,,,,,,,,,,,,,Spooner,,,,
1-to-3,234-Sp8-Cr24-0-20,Spooner,234,,5.82,6.12,1.054,1.229,0.41,2.133,1.079,0.122,0.333,0.38,-0.046,,,,,,,,,,,,,,,,,,,,,,,,Spooner,,,,
1-to-3,235-Sp9-Cr25-0-15,Spooner,235,,6.81,7.08,1.059,1.258,0.419,2.154,1.095,0.13,0.333,0.383,-0.05,,,,,,,,,,,,,,,,,,,,,,,,Spooner,,,,
1-to-3,236-Sp9-Cr26-0-20,Spooner,236,,6.91,6.83,1.046,1.191,0.397,2.077,1.031,0.134,0.333,0.385,-0.052,,,,,,,,,,,,,,,,,,,,,,,,Spooner,,,,
1-to-3,237-Sp9-Cr27-0-15,Spooner,237,,7.57,6.89,1.041,1.226,0.409,2.108,1.067,0.13,0.333,0.383,-0.05,,,,,,,,,,,,,,,,,,,,,,,,Spooner,,,,
1-to-3,238-Sp10-Cr28-0-20,Spooner,238,,6.14,6.11,1.034,1.229,0.41,2.119,1.085,0.117,0.333,0.378,-0.044,,,,,,,,,,,,,,,,,,,,,,,,Spooner,,,,
1-to-3,239-Sp10-Cr29-0-15,Spooner,239,,6.11,6.01,1.035,1.199,0.4,2.078,1.043,0.13,0.333,0.383,-0.05,,,,,,,,,,,,,,,,,,,,,,,,Spooner,,,,
1-to-3,240-Sp10-Cr30-0-20,Spooner,240,,5.56,5.78,1.045,1.26,0.42,2.14,1.095,0.131,0.333,0.384,-0.05,,,,,,,,,,,,,,,,,,,,,,,,Spooner,,,,
1-to-3,241-Sp-A-Hor-Fridge,,241,,,,1.059,1.236,0.412,2.262,1.203,0.027,0.333,0.342,-0.009,,,,,,,,,,,,,,,,,,,,,,,,Spooner,,,,
1-to-3,242-Sp-B-Hor-Fridge,,242,,,,1.035,1.14,0.38,2.171,1.136,0.004,0.333,0.335,-0.001,,,,,,,,,,,,,,,,,,,,,,,,Spooner,,,,
1-to-4,1-K1-0-17,Wisconsin,1,,,,1.039,1.56,0.39,2.443,1.404,0.1,0.25,0.278,-0.028,64,25.2,10.8,Sandy Loam,2.5,4.6,4.9,6.3,0.13,1.64,99,44,1,237,12,40,3,,0,8.6,87,9,8/23/2018,Kemp,5.4,1,0,17
1-to-4,2-K1-17-45,Wisconsin,2,,5.22,5.36,1.042,1.615,0.404,2.513,1.471,0.089,0.25,0.274,-0.024,68,21.2,10.8,Sandy Loam,1.3,5.36,5.4,6.5,0.09,0.71,101,41,1,194,13,32,4,,0,6.1,85,6,8/23/2018,Kemp,5.4,1,17,45
1-to-4,3-K1-45-60,Wisconsin,3,,5.27,5.49,1.022,1.7,0.425,2.641,1.619,0.048,0.25,0.263,-0.013,72,19.2,8.8,Sandy Loam,0.4,6.28,5.6,7.1,0.08,0.11,37,26,4,327,96,58,28,,0,0,0,1,8/23/2018,Kemp,5.4,1,45,60
1-to-4,5-K3-0-15,Wisconsin,5,,,,1.058,1.552,0.388,2.411,1.353,0.128,0.25,0.287,-0.037,64,27.2,8.8,Sandy Loam,4,4.38,4.7,6.1,0.18,2.52,63,67,1,382,15,85,5,,0,10.9,84,13,8/23/2018,Kemp,5.4,3,0,15
1-to-4,6-K3-15-35,Wisconsin,6,,4.98,5.28,1.044,1.615,0.404,2.506,1.462,0.095,0.25,0.276,-0.026,60,31.2,8.8,Sandy Loam,1.5,5.05,5.1,6.4,0.12,0.77,40,57,2,170,11,39,4,,0,7,87,7,8/23/2018,Kemp,5.4,3,15,35
1-to-4,7-K3-35-50,Wisconsin,7,,4.99,5.28,1.048,1.643,0.411,2.578,1.53,0.069,0.25,0.268,-0.018,70,19.2,10.8,Sandy Loam,0.8,5.76,5.2,6.7,0.11,0.33,24,63,3,189,19,38,6,,0,4,78,4,8/23/2018,Kemp,5.4,3,35,50
1-to-4,8-K4-0-15,Wisconsin,8,,,,1.051,1.574,0.394,2.531,1.48,0.06,0.25,0.266,-0.016,78,15.2,6.8,Loamy Sand,2.5,4.89,4.5,6.1,0.13,1.63,18,42,1,122,5,22,2,,0,10.7,94,10,8/23/2018,Kemp,5.4,4,0,15
1-to-4,9-K4-15-30,Wisconsin,9,,5.06,5.27,1.061,1.628,0.407,2.594,1.533,0.058,0.25,0.265,-0.015,74,15.2,10.8,Sandy Loam,1.4,5.44,5,6.4,0.11,0.68,64,29,1,22,1,6,1,,0,7.3,98,6,8/23/2018,Kemp,5.4,4,15,30
1-to-4,10-K4-30-50,Wisconsin,10,,4.83,5.05,1.037,1.684,0.421,2.627,1.59,0.056,0.25,0.265,-0.015,72,15.2,12.8,Sandy Loam,0.8,5.51,4.4,6.5,0.11,0.34,16,23,1,22,2,5,1,,0,5.5,97,4,8/23/2018,Kemp,5.4,4,30,50
1-to-4,11-R1-0-27,Wisconsin,11,,,,1.05,1.612,0.403,2.612,1.562,0.031,0.25,0.258,-0.008,82,11.2,6.8,Loamy Sand,1.2,6.16,5.5,6.8,0.13,0.81,197,62,6,134,23,8,2,,0,2,71,2,8/24/2018,Rhinelander,5.5,1,0,27
1-to-4,12-R1-27-50,Wisconsin,12,,5.5,5.69,1.046,1.64,0.41,2.647,1.601,0.024,0.25,0.256,-0.006,94,1.2,4.8,Sand,0.2,6.4,5.9,7.3,0.11,0.05,39,47,23,81,77,5,8,,0,0,0,0,8/24/2018,Rhinelander,5.5,1,27,50
1-to-4,13-R1-50-70,Wisconsin,13,,5.48,5.65,1.062,1.565,0.391,2.579,1.517,0.031,0.25,0.258,-0.008,97.6,-0.4,2.8,Sand,0.2,6.48,5.9,7.4,0.07,0.01,25,35,28,47,72,3,8,,0,0,0,0,8/24/2018,Rhinelander,5.5,1,50,70
1-to-4,14-R2-0-30,Wisconsin,14,,7.1,6.82,1.03,1.775,0.444,2.783,1.753,0.012,0.25,0.253,-0.003,89.6,5.6,4.8,Sand,1.2,6.06,6.6,7.4,0.1,0.71,163,47,3,897,97,14,2,,0,0,0,3,8/24/2018,Rhinelander,5.5,2,0,30
1-to-4,15-R2-30-45,Wisconsin,15,,,,1.047,1.556,0.389,2.595,1.548,0.005,0.25,0.251,-0.001,93.6,1.6,4.8,Sand,0.3,6.59,6.6,7.4,0.07,0.06,47,23,8,139,92,3,3,,0,0,0,0,8/24/2018,Rhinelander,5.5,2,30,45
1-to-4,16-R2-45-60,Wisconsin,16,,6.04,6.26,1.039,1.58,0.395,2.609,1.57,0.006,0.25,0.252,-0.002,93.6,1.6,4.8,Sand,0.2,6.59,6.2,7.4,0.06,0.05,34,27,14,84,86,4,7,,0,0,0,0,8/24/2018,Rhinelander,5.5,2,45,60
1-to-4,17-R2-60-100,Wisconsin,17,,6.17,6.36,1.034,1.522,0.381,2.544,1.51,0.008,0.25,0.252,-0.002,95.6,1.6,2.8,Sand,0.1,6.51,6.5,7.5,0.06,0.04,26,28,14,85,86,3,5,,0,0,0,0,8/24/2018,Rhinelander,5.5,2,60,100
1-to-4,18-R3-0-20,Wisconsin,18,,5.91,6.21,1.049,1.601,0.4,2.532,1.483,0.074,0.25,0.27,-0.02,73.6,19.6,6.8,Sandy Loam,1.5,5.54,5.9,6.9,0.1,1.12,275,82,5,493,60,28,6,,0,1.4,35,3,8/24/2018,Rhinelander,5.5,3,0,20
1-to-4,19-R3-20-30,Wisconsin,19,,5.48,5.68,1.03,1.6,0.4,2.531,1.501,0.062,0.25,0.266,-0.016,77.6,15.6,6.8,Loamy Sand,0.7,5.81,5.8,6.9,0.09,0.32,89,57,9,139,45,16,8,,0,0.7,46,1,8/24/2018,Rhinelander,5.5,3,20,30
1-to-4,20-M1-0-31,Wisconsin,20,,6.78,7.13,1.035,1.645,0.411,2.314,1.279,0.222,0.25,0.322,-0.072,21.6,61.6,16.8,Silt Loam,3.3,4.02,7.1,7.3,0.24,1.95,33,94,3,1439,97,423,47,,0,0,0,8,9/7/2018,Marshfield,5.65,1,0,31
1-to-4,21-M1-31-50,Wisconsin,21,,6.03,6.46,1.038,1.615,0.404,2.358,1.32,0.183,0.25,0.306,-0.056,17.6,59.6,22.8,Silt Loam,1.1,4.62,6.7,7.1,0.11,0.31,18,54,2,1158,98,544,75,,0,0,0,5,9/7/2018,Marshfield,5.65,1,31,50
1-to-4,22-M1-50-70,Wisconsin,22,,5.1,5.36,1.032,1.68,0.42,2.459,1.427,0.151,0.25,0.294,-0.044,29.6,37.6,32.8,Clay Loam,1,4.6,4.8,6.1,0.1,0.12,8,67,1,1281,37,633,30,,0,10.7,62,16,9/7/2018,Marshfield,5.65,1,50,70
1-to-4,23-M2-0-24,Wisconsin,23,,7.03,7.08,1.031,1.686,0.422,2.364,1.333,0.209,0.25,0.316,-0.066,19.6,63.6,16.8,Silt Loam,3,4.29,7.1,7.3,0.22,1.89,40,118,4,1446,96,428,47,,0,0,0,7,9/7/2018,Marshfield,5.65,2,0,24
1-to-4,24-M2-24-38,Wisconsin,24,,6.79,6.9,1.052,1.685,0.421,2.483,1.431,0.151,0.25,0.294,-0.044,39.6,39.6,20.8,Loam,0.9,4.91,7.1,7.2,0.08,0.2,10,70,3,1233,97,516,67,,0,0,0,5,9/7/2018,Marshfield,5.65,2,24,38
1-to-4,25-M2-38-55,Wisconsin,25,,5.68,5.89,1.031,1.753,0.438,2.571,1.54,0.122,0.25,0.285,-0.035,47.2,25.2,27.6,Sandy Clay Loam,0.8,4.8,5.2,6.7,0.1,0.06,10,90,2,1398,64,568,43,,0,3.7,34,10,9/7/2018,Marshfield,5.65,2,38,55
1-to-4,26-M3-0-15,Wisconsin,26,,5.91,6.25,1.053,1.743,0.436,2.212,1.159,0.335,0.25,0.376,-0.126,19.2,57.2,23.6,Silt Loam,3.6,3.87,5.5,6.7,0.22,2.2,35,147,4,1144,57,291,24,,0,4,39,11,9/7/2018,Marshfield,5.65,3,0,15
1-to-4,27-M3-15-30,Wisconsin,27,,5.38,5.66,1.061,1.548,0.387,2.361,1.3,0.16,0.25,0.298,-0.048,49.2,25.2,25.6,Sandy Clay Loam,0.8,4.77,5,6.6,0.08,0.26,18,59,1,1368,57,426,29,,0,4.9,41,11,9/7/2018,Marshfield,5.65,3,15,30
1-to-4,28-S-0-30,Wisconsin,28,,5.1,5.28,1.035,1.589,0.397,2.472,1.437,0.096,0.25,0.276,-0.026,75.2,17.2,7.6,Sandy Loam,1.3,5.93,4.7,6.6,0.08,0.88,45,62,3,249,21,46,6,,0,4.6,76,4,11/3/2017,Spooner,5.8,,0,30
1-to-4,29-S-30-60,Wisconsin,29,,5.44,5.54,1.029,1.663,0.416,2.642,1.613,0.03,0.25,0.258,-0.008,81.2,7.2,11.6,Sandy Loam,0.6,6.08,5.5,7,0.08,0.16,25,120,10,500,85,93,26,,0,0.1,4,2,11/3/2017,Spooner,5.8,,30,60
1-to-4,30-H1-0-30,Wisconsin,30,,7.03,7.17,1.043,1.697,0.424,2.68,1.637,0.035,0.25,0.259,-0.009,87.2,7.2,5.6,Loamy Sand,1,6.25,7.3,7.5,0.12,0.89,106,58,5,612,95,159,41,,0,0,0,2,9/17/2018,Hancock,6.2,1,0,30
1-to-4,31-H1-30-40,Wisconsin,31,,7.06,7.08,1.041,1.617,0.404,2.579,1.538,0.049,0.25,0.263,-0.013,87.2,7.2,5.6,Loamy Sand,0.5,6.09,7.5,7.5,0.06,0.26,92,56,6,433,94,118,42,,0,0,0,2,9/17/2018,Hancock,6.2,1,30,40
1-to-4,32-H1-40-60,Wisconsin,32,,6.84,6.99,1.051,1.639,0.41,2.611,1.56,0.048,0.25,0.263,-0.013,85.2,7.2,7.6,Loamy Sand,0.4,6.1,7.4,7.5,0.06,0.1,73,53,8,323,92,101,47,,0,0,0,1,9/17/2018,Hancock,6.2,1,40,60
1-to-4,33-H2-0-30,Wisconsin,33,,6.9,6.88,1.044,1.655,0.414,2.614,1.57,0.051,0.25,0.264,-0.014,87.2,7.2,5.6,Loamy Sand,0.8,5.91,7.2,7.5,0.05,0.38,74,50,5,498,95,128,40,,0,0,0,2,9/17/2018,Hancock,6.2,2,0,30
1-to-4,34-H2-30-60,Wisconsin,34,,6.96,6.88,1.036,1.638,0.41,2.579,1.543,0.058,0.25,0.265,-0.015,87.2,5.2,7.6,Loamy Sand,0.4,6.04,7.2,7.5,0.03,0.1,85,40,7,280,93,96,52,,0,0,0,1,9/17/2018,Hancock,6.2,2,30,60
1-to-4,35-A249-0-35,Wisconsin,35,,7.38,7.12,1.035,1.631,0.408,2.352,1.317,0.193,0.25,0.31,-0.06,11.2,65.2,23.6,Silt Loam,3.6,4.07,7.2,7.3,0.21,2.23,28,78,2,1785,98,505,45,,0,0,0,10,8/31/2018,Arlington,6.5,249,0,35
1-to-4,36-A249-35-60,Wisconsin,36,,7.19,6.98,1.079,1.676,0.419,2.424,1.345,0.197,0.25,0.312,-0.062,1.2,67.6,31.2,Silty Clay Loam,1.7,4.42,7.3,7.2,0.15,0.7,13,68,2,1722,98,667,62,,0,0,0,8,8/31/2018,Arlington,6.5,249,35,60
1-to-4,37-A341-0-33,Wisconsin,37,,7.15,7.04,1.051,1.617,0.404,2.379,1.328,0.179,0.25,0.304,-0.054,25.2,51.6,23.2,Silt Loam,3.5,4.41,7.4,7.3,0.22,2.7,32,76,2,2014,98,527,42,,0,0,0,10,8/31/2018,Arlington,6.5,341,0,33
1-to-4,38-A341-33-55,Wisconsin,38,,7.05,7.2,1.047,1.616,0.404,2.263,1.216,0.248,0.25,0.332,-0.082,9.2,61.6,29.2,Silty Clay Loam,4.6,3.61,7.3,7.1,0.26,3.02,35,34,1,2071,99,530,42,,0,0,0,12,8/31/2018,Arlington,6.5,341,33,55
1-to-4,39-A341-55-75,Wisconsin,39,,6.99,7.15,1.061,1.665,0.416,2.335,1.274,0.235,0.25,0.327,-0.077,5.2,65.6,29.2,Silty Clay Loam,3.3,3.9,7.2,7.1,0.21,2.02,28,37,1,1652,99,514,50,,0,0,0,9,8/31/2018,Arlington,6.5,341,55,75
1-to-4,40-A341-75-85,Wisconsin,40,,7.33,7.03,1.062,1.577,0.394,2.319,1.257,0.203,0.25,0.314,-0.064,5.2,71.6,23.2,Silt Loam,1.7,4.3,7.2,7.1,0.1,0.83,9,39,2,980,98,574,94,,0,0,0,5,8/31/2018,Arlington,6.5,341,75,85
1-to-4,41-L2-0-23,Wisconsin,41,,6.75,6.73,1.046,1.673,0.418,2.355,1.309,0.218,0.25,0.32,-0.07,9.2,73.6,17.2,Silt Loam,2.6,4.17,7,7.3,0.22,1.71,14,72,3,1288,97,347,43,,0,0,0,7,8/30/2018,Lancaster,6.6,2,0,23
1-to-4,42-L2-23-45,Wisconsin,42,,7.06,7.03,1.059,1.686,0.422,2.435,1.376,0.184,0.25,0.306,-0.056,3.2,71.6,25.2,Silt Loam,1.3,4.53,7.3,7.3,0.13,0.55,9,62,2,1330,98,444,53,,0,0,0,6,8/30/2018,Lancaster,6.6,2,23,45
1-to-4,43-L3-0-12,Wisconsin,43,,6.28,6.36,1.03,1.578,0.395,2.305,1.275,0.192,0.25,0.309,-0.059,7.2,67.6,25.2,Silt,2.8,4.28,6.5,7.1,0.15,1.58,17,116,4,1502,96,470,49,,0,0,0,8,8/30/2018,Lancaster,6.6,3,0,12
1-to-4,44-L3-12-20,Wisconsin,44,,6.18,6.39,1.048,1.559,0.39,2.319,1.271,0.185,0.25,0.307,-0.057,5.2,65.6,29.2,Silty Clay Loam,2,4.42,6.7,7.1,0.14,0.82,10,78,2,1617,98,545,54,,0,0,0,8,8/30/2018,Lancaster,6.6,3,12,20
1-to-4,45-L3-20-40,Wisconsin,45,,6.28,6.58,1.047,1.645,0.411,2.396,1.349,0.18,0.25,0.305,-0.055,3.2,61.6,35.2,Silty Clay Loam,1.5,4.42,6.8,7,0.13,0.48,22,100,3,1984,97,723,58,,0,0,0,10,8/30/2018,Lancaster,6.6,3,20,40
1-to-4,46-L4-0-10,Wisconsin,46,,5.98,6.23,1.043,1.63,0.408,2.299,1.256,0.229,0.25,0.324,-0.074,9.2,71.6,19.2,Silt Loam,3.1,4.01,6.2,6.9,0.2,1.94,10,58,2,1193,87,264,32,,0,0.7,11,7,8/30/2018,Lancaster,6.6,4,0,10
1-to-4,47-L4-10-20,Wisconsin,47,,5.84,6.19,1.032,1.577,0.394,2.277,1.245,0.211,0.25,0.317,-0.067,7.2,73.6,19.2,Silt,2.8,4.11,5.9,6.9,0.23,1.7,18,47,2,1074,74,209,24,,0,1.8,25,8,8/30/2018,Lancaster,6.6,4,10,20
1-to-4,48-L4-20-40,Wisconsin,48,,5.82,6.13,1.046,1.547,0.387,2.303,1.257,0.187,0.25,0.308,-0.058,8,71.6,20.4,Silt Loam,1.3,4.39,6.1,7,0.14,0.63,10,42,2,1053,98,184,28,,0,0,0,5,8/30/2018,Lancaster,6.6,4,20,40
1-to-4,50-W4-0-28,Wisconsin,50,,6.84,6.88,1.033,1.596,0.399,2.35,1.317,0.175,0.25,0.303,-0.053,34,41.6,24.4,Loam,3.1,4.62,6.9,7.2,0.22,1.99,8,72,2,1841,98,618,54,,0,0,0,9,8/31/2018,West Madison,6.7,4,0,28
1-to-4,51-W4-28-45,Wisconsin,51,,6.93,6.65,1.07,1.639,0.41,2.455,1.385,0.155,0.25,0.296,-0.046,42,29.6,28.4,Clay Loam,1.5,4.74,7,7.2,0.09,0.65,5,65,2,1574,98,669,68,,0,0,0,7,8/31/2018,West Madison,6.7,4,28,45
1-to-4,52-W4-45-55,Wisconsin,52,,6.69,6.94,1.07,1.653,0.413,2.515,1.445,0.126,0.25,0.286,-0.036,65.72580645,17.74193548,16.53225806,Sandy Loam,0.8,5.16,7,7.3,0.1,0.4,10,49,3,816,97,344,67,,0,0,0,3,8/31/2018,West Madison,6.7,4,45,55
1-to-4,53-W5-0-35,Wisconsin,53,,6.25,6.51,1.055,1.606,0.402,2.364,1.309,0.185,0.25,0.307,-0.057,8,65.6,26.4,Silt Loam,3.4,4.27,6.4,6.8,0.23,2.36,32,100,2,1656,77,448,34,,0,2.3,21,11,8/16/2018,West Madison,6.7,5,0,35
1-to-4,54-W5-35-65,Wisconsin,54,,5.86,6.15,1.034,1.657,0.414,2.277,1.243,0.25,0.25,0.333,-0.083,8,63.6,28.4,Silty Clay Loam,4.3,3.99,5.8,6.4,0.26,2.96,12,56,1,1524,50,392,21,,0,7.6,49,16,8/16/2018,West Madison,6.7,5,35,65
1-to-4,55-W7-0-15,Wisconsin,55,,5.96,6.18,1.032,1.615,0.404,2.38,1.348,0.165,0.25,0.3,-0.05,14,61.6,24.4,Silt Loam,2.9,4.35,6,6.9,0.25,2.03,28,71,2,1752,88,517,43,,0,1,10,10,8/16/2018,West Madison,6.7,7,0,15
1-to-4,56-W7-15-30,Wisconsin,56,,5.65,5.93,1.067,1.595,0.399,2.373,1.306,0.181,0.25,0.305,-0.055,4,67.6,28.4,Silty Clay Loam,1.9,4.22,5.6,6.8,0.15,1.04,9,45,1,1365,73,444,39,,0,2.4,26,9,8/16/2018,West Madison,6.7,7,15,30
1-to-4,57-P1-0-30,Wisconsin,57,,6.77,6.93,1.043,1.614,0.404,2.484,1.441,0.107,0.25,0.28,-0.03,64,23.6,12.4,Sandy Loam,1.5,5.04,6.9,7.4,0.12,1.15,78,140,8,843,92,197,35,,0,0,0,4,9/10/2018,Peninsular,7.2,1,0,30
1-to-4,58-P1-30-45,Wisconsin,58,,6.91,6.63,1.04,1.653,0.413,2.546,1.506,0.089,0.25,0.274,-0.024,66,15.6,18.4,Sandy Loam,0.7,5.37,7.1,7.4,0.1,0.33,11,84,6,702,94,217,48,,0,0,0,3,9/10/2018,Peninsular,7.2,1,30,45
1-to-4,59-P1-45-55,Wisconsin,59,,6.74,6.84,1.042,1.641,0.41,2.562,1.52,0.074,0.25,0.27,-0.02,70,17.6,12.4,Sandy Loam,0.5,5.64,7,7.4,0.07,0.17,19,54,5,554,95,165,46,,0,0,0,2,9/10/2018,Peninsular,7.2,1,45,55
1-to-4,60-P2-0-20,Wisconsin,60,,7.44,7.44,1.039,1.642,0.411,2.478,1.439,0.124,0.25,0.285,-0.035,52.8,28.8,18.4,Sandy Loam,2.8,4.75,7.5,7.5,0.18,2.47,12,75,3,1411,97,334,38,,0,0,0,6,9/10/2018,Peninsular,7.2,2,0,20
1-to-4,61-P2-20-45,Wisconsin,61,,7.4,7.48,1.033,1.603,0.401,2.502,1.469,0.084,0.25,0.273,-0.023,54.8,24.8,20.4,Sandy Clay Loam,1.2,5.11,7.6,7.5,0.11,3.31,14,45,2,1176,98,308,42,,0,0,0,5,9/10/2018,Peninsular,7.2,2,20,45
1-to-4,62-P2-45-55,Wisconsin,62,,7.15,7.28,1.033,1.603,0.401,2.515,1.482,0.075,0.25,0.27,-0.02,60.8,26.8,12.4,Sandy Loam,0.5,5.53,7.7,7.6,0.09,5.53,10,35,2,743,98,225,48,,0,0,0,3,9/10/2018,Peninsular,7.2,2,45,55
1-to-4,63-P4-0-25,Wisconsin,63,,7.22,7.31,1.05,1.609,0.402,2.419,1.369,0.149,0.25,0.294,-0.044,50.8,32.8,16.4,Loam,3.1,4.49,7.4,7.4,0.21,2.2,12,53,2,1433,98,359,40,,0,0,0,7,9/10/2018,Peninsular,7.2,4,0,25
1-to-4,64-P4-25-35,Wisconsin,64,,7.22,7.38,1.042,1.589,0.397,2.419,1.377,0.133,0.25,0.288,-0.038,50.8,28.8,20.4,Loam,1.9,4.63,7.5,7.4,0.12,1.56,12,45,2,1378,98,360,42,,0,0,0,6,9/10/2018,Peninsular,7.2,4,25,35
1-to-4,65-P4-35-50,Wisconsin,65,,7.32,7.46,1.042,1.596,0.399,2.49,1.448,0.093,0.25,0.276,-0.026,52.8,32.8,14.4,Sandy Loam,0.9,4.86,7.7,7.5,0.09,4.21,22,39,2,881,98,253,46,,0,0,0,4,9/10/2018,Peninsular,7.2,4,35,50
1-to-4,181-Sp11-Cr31-0-20,Spooner,181,,6.4,6.74,1.06,1.639,0.41,2.493,1.433,0.126,0.25,0.286,-0.036,,,,,,,,,,,,,,,,,,,,,,,,Spooner,,,,
1-to-4,182-Sp11-Cr32-0-16,Spooner,182,,7.33,6.83,1.046,1.648,0.412,2.481,1.435,0.129,0.25,0.287,-0.037,,,,,,,,,,,,,,,,,,,,,,,,Spooner,,,,
1-to-4,183-Sp11-Cr33-0-20,Spooner,183,,6.25,6.4,1.064,1.6,0.4,2.467,1.403,0.123,0.25,0.285,-0.035,,,,,,,,,,,,,,,,,,,,,,,,Spooner,,,,
1-to-4,184-Sp12-Cr34-0-16,Spooner,184,,7.53,7.65,1.047,1.63,0.408,2.48,1.433,0.121,0.25,0.284,-0.034,,,,,,,,,,,,,,,,,,,,,,,,Spooner,,,,
1-to-4,185-Sp12-Cr35-0-18,Spooner,185,,6.46,6.78,1.048,1.569,0.392,2.426,1.378,0.122,0.25,0.285,-0.035,,,,,,,,,,,,,,,,,,,,,,,,Spooner,,,,
1-to-4,186-Sp12-Cr36-0-20,Spooner,186,,6.57,6.68,1.046,1.682,0.421,2.535,1.489,0.115,0.25,0.282,-0.032,,,,,,,,,,,,,,,,,,,,,,,,Spooner,,,,
1-to-4,187-Sp13-Cr37-0-20,Spooner,187,,6.5,6.64,1.061,1.565,0.391,2.427,1.366,0.127,0.25,0.286,-0.036,,,,,,,,,,,,,,,,,,,,,,,,Spooner,,,,
1-to-4,188-Sp13-Cr38-0-20,Spooner,188,,5.68,6.02,1.043,1.607,0.402,2.446,1.403,0.127,0.25,0.286,-0.036,,,,,,,,,,,,,,,,,,,,,,,,Spooner,,,,
1-to-4,189-Sp13-Cr39-0-19,Spooner,189,,6.35,6.85,1.036,1.601,0.4,2.435,1.399,0.126,0.25,0.286,-0.036,,,,,,,,,,,,,,,,,,,,,,,,Spooner,,,,
1-to-4,190-Sp14-Cr40-0-17,Spooner,190,,7.22,7.25,1.045,1.59,0.398,2.447,1.402,0.118,0.25,0.284,-0.034,,,,,,,,,,,,,,,,,,,,,,,,Spooner,,,,
1-to-4,191-Sp14-Cr41-0-18,Spooner,191,,5.44,5.92,1.067,1.641,0.41,2.528,1.461,0.11,0.25,0.281,-0.031,,,,,,,,,,,,,,,,,,,,,,,,Spooner,,,,
1-to-4,192-Sp14-Cr42-0-20,Spooner,192,,5.62,5.81,1.06,1.637,0.409,2.514,1.454,0.112,0.25,0.281,-0.031,,,,,,,,,,,,,,,,,,,,,,,,Spooner,,,,
1-to-4,193-Sp15-Cr43-0-18,Spooner,193,,5.16,5.45,1.05,1.555,0.389,2.421,1.371,0.118,0.25,0.284,-0.034,,,,,,,,,,,,,,,,,,,,,,,,Spooner,,,,
1-to-4,194-Sp15-Cr44-0-17,Spooner,194,,4.93,5.17,1.032,1.7,0.425,2.503,1.471,0.135,0.25,0.289,-0.039,,,,,,,,,,,,,,,,,,,,,,,,Spooner,,,,
1-to-4,195-Sp15-Cr45-0-20,Spooner,195,,5.56,5.67,1.049,1.623,0.406,2.456,1.407,0.133,0.25,0.288,-0.038,,,,,,,,,,,,,,,,,,,,,,,,Spooner,,,,
1-to-4,196-Sp16-Cr46-0-20,Spooner,196,,6.54,6.64,1.054,1.641,0.41,2.497,1.443,0.121,0.25,0.284,-0.034,,,,,,,,,,,,,,,,,,,,,,,,Spooner,,,,
1-to-4,197-Sp16-Cr47-0-17,Spooner,197,,6.31,6.45,1.066,1.669,0.417,2.536,1.47,0.119,0.25,0.284,-0.034,,,,,,,,,,,,,,,,,,,,,,,,Spooner,,,,
1-to-4,198-Sp16-Cr48-0-20,Spooner,198,,6.56,6.78,1.046,1.537,0.384,2.403,1.357,0.117,0.25,0.283,-0.033,,,,,,,,,,,,,,,,,,,,,,,,Spooner,,,,
1-to-4,199-Sp17-Cr49-0-20,Spooner,199,,4.99,5.25,1.033,1.628,0.407,2.475,1.442,0.114,0.25,0.282,-0.032,,,,,,,,,,,,,,,,,,,,,,,,Spooner,,,,
1-to-4,200-Sp17-Cr50-0-18,Spooner,200,,5.65,5.8,1.059,1.637,0.409,2.518,1.459,0.109,0.25,0.281,-0.031,,,,,,,,,,,,,,,,,,,,,,,,Spooner,,,,
1-to-4,201-Sp17-Cr51-0-18,Spooner,201,,5.7,5.95,1.059,1.637,0.409,2.527,1.468,0.103,0.25,0.279,-0.029,,,,,,,,,,,,,,,,,,,,,,,,Spooner,,,,
1-to-4,202-Sp18-Cr52-0-18,Spooner,202,,6.61,6.66,1.041,1.574,0.394,2.442,1.401,0.11,0.25,0.281,-0.031,,,,,,,,,,,,,,,,,,,,,,,,Spooner,,,,
1-to-4,203-Sp18-Cr53-0-19,Spooner,203,,6.93,6.9,1.033,1.612,0.403,2.463,1.43,0.113,0.25,0.282,-0.032,,,,,,,,,,,,,,,,,,,,,,,,Spooner,,,,
1-to-4,204-Sp18-Cr54-0-20,Spooner,204,,6.73,6.71,1.041,1.67,0.418,2.524,1.483,0.112,0.25,0.282,-0.032,,,,,,,,,,,,,,,,,,,,,,,,Spooner,,,,
1-to-4,205-Sp19-Cr55-0-20,Spooner,205,,5.62,6.12,1.036,1.651,0.413,2.506,1.47,0.11,0.25,0.281,-0.031,,,,,,,,,,,,,,,,,,,,,,,,Spooner,,,,
1-to-4,206-Sp19-Cr56-0-18,Spooner,206,,5.1,5.36,1.038,1.637,0.409,2.49,1.452,0.113,0.25,0.282,-0.032,,,,,,,,,,,,,,,,,,,,,,,,Spooner,,,,
1-to-4,207-Sp19-Cr57-0-18,Spooner,207,,6.57,6.56,1.056,1.684,0.421,2.536,1.48,0.121,0.25,0.284,-0.034,,,,,,,,,,,,,,,,,,,,,,,,Spooner,,,,
1-to-4,208-Sp20-Cr58-0-20,Spooner,208,,6.23,6.3,1.045,1.588,0.397,2.446,1.401,0.118,0.25,0.283,-0.033,,,,,,,,,,,,,,,,,,,,,,,,Spooner,,,,
1-to-4,209-Sp20-Cr59-0-19,Spooner,209,,5.58,5.88,1.045,1.64,0.41,2.507,1.462,0.109,0.25,0.28,-0.03,,,,,,,,,,,,,,,,,,,,,,,,Spooner,,,,
1-to-4,210-Sp20-Cr60-0-20,Spooner,210,,5.84,6.1,1.034,1.63,0.408,2.455,1.421,0.128,0.25,0.287,-0.037,,,,,,,,,,,,,,,,,,,,,,,,Spooner,,,,
1-to-4,211-Sp1-Cr1-0-20,Spooner,211,,5.09,5.24,1.055,1.61,0.403,2.466,1.411,0.124,0.25,0.285,-0.035,,,,,,,,,,,,,,,,,,,,,,,,Spooner,,,,
1-to-4,212-Sp1-Cr2-0-20,Spooner,212,,4.94,5.05,1.049,1.577,0.394,2.438,1.389,0.119,0.25,0.284,-0.034,,,,,,,,,,,,,,,,,,,,,,,,Spooner,,,,
1-to-4,213-Sp1-Cr3-0-20,Spooner,213,,5.24,5.44,1.031,1.587,0.397,2.418,1.387,0.126,0.25,0.286,-0.036,,,,,,,,,,,,,,,,,,,,,,,,Spooner,,,,
1-to-4,214-Sp2-Cr4-0-20,Spooner,214,,5.75,5.93,1.046,1.6,0.4,2.45,1.404,0.123,0.25,0.285,-0.035,,,,,,,,,,,,,,,,,,,,,,,,Spooner,,,,
1-to-4,215-Sp2-Cr5-0-20,Spooner,215,,5.94,6.16,1.064,1.674,0.419,2.527,1.463,0.126,0.25,0.286,-0.036,,,,,,,,,,,,,,,,,,,,,,,,Spooner,,,,
1-to-4,216-Sp2-Cr6-0-20,Spooner,216,,5.36,5.54,1.05,1.6,0.4,2.461,1.411,0.118,0.25,0.283,-0.033,,,,,,,,,,,,,,,,,,,,,,,,Spooner,,,,
1-to-4,217-Sp3-Cr7-0-20,Spooner,217,,6.78,6.74,1.031,1.625,0.406,2.457,1.426,0.122,0.25,0.285,-0.035,,,,,,,,,,,,,,,,,,,,,,,,Spooner,,,,
1-to-4,218-Sp3-Cr8-0-20,Spooner,218,,7.06,6.43,1.031,1.574,0.394,2.414,1.383,0.121,0.25,0.285,-0.035,,,,,,,,,,,,,,,,,,,,,,,,Spooner,,,,
1-to-4,219-Sp3-Cr9-0-20,Spooner,219,,6.9,6.57,1.054,1.583,0.396,2.443,1.389,0.123,0.25,0.285,-0.035,,,,,,,,,,,,,,,,,,,,,,,,Spooner,,,,
1-to-4,220-Sp4-Cr10-0-20,Spooner,220,,6.91,6.37,1.036,1.617,0.404,2.47,1.434,0.113,0.25,0.282,-0.032,,,,,,,,,,,,,,,,,,,,,,,,Spooner,,,,
1-to-4,221-Sp4-Cr11-0-20,Spooner,221,,7.17,6.93,1.041,1.596,0.399,2.456,1.415,0.113,0.25,0.282,-0.032,,,,,,,,,,,,,,,,,,,,,,,,Spooner,,,,
1-to-4,222-Sp4-Cr12-0-20,Spooner,222,,7.2,6.51,1.065,1.676,0.419,2.56,1.495,0.108,0.25,0.28,-0.03,,,,,,,,,,,,,,,,,,,,,,,,Spooner,,,,
1-to-4,223-Sp5-Cr13-0-20,Spooner,223,,6.82,6.89,1.028,1.562,0.391,2.387,1.359,0.13,0.25,0.287,-0.037,,,,,,,,,,,,,,,,,,,,,,,,Spooner,,,,
1-to-4,224-Sp5-Cr14-0-20,Spooner,224,,6.56,6.25,1.037,1.673,0.418,2.512,1.475,0.118,0.25,0.284,-0.034,,,,,,,,,,,,,,,,,,,,,,,,Spooner,,,,
1-to-4,225-Sp5-Cr15-0-20,Spooner,225,,6.97,6.76,1.05,1.579,0.395,2.444,1.394,0.117,0.25,0.283,-0.033,,,,,,,,,,,,,,,,,,,,,,,,Spooner,,,,
1-to-4,226-Sp6-Cr16-0-15,Spooner,226,,7.41,7.14,1.022,1.646,0.412,2.449,1.427,0.133,0.25,0.288,-0.038,,,,,,,,,,,,,,,,,,,,,,,,Spooner,,,,
1-to-4,227-Sp6-Cr17-0-20,Spooner,227,,6.64,6.7,1.064,1.613,0.403,2.452,1.388,0.139,0.25,0.291,-0.041,,,,,,,,,,,,,,,,,,,,,,,,Spooner,,,,
1-to-4,228-Sp6-Cr18-0-20,Spooner,228,,6.74,6.39,1.034,1.642,0.411,2.476,1.442,0.122,0.25,0.285,-0.035,,,,,,,,,,,,,,,,,,,,,,,,Spooner,,,,
1-to-4,229-Sp7-Cr19-0-20,Spooner,229,,4.8,4.95,1.036,1.625,0.406,2.447,1.411,0.132,0.25,0.288,-0.038,,,,,,,,,,,,,,,,,,,,,,,,Spooner,,,,
1-to-4,230-Sp7-Cr20-0-20,Spooner,230,,4.58,4.81,1.078,1.607,0.402,2.475,1.397,0.131,0.25,0.288,-0.038,,,,,,,,,,,,,,,,,,,,,,,,Spooner,,,,
1-to-4,231-Sp7-Cr21-0-13,Spooner,231,,5.8,5.89,1.048,1.589,0.397,2.414,1.366,0.14,0.25,0.291,-0.041,,,,,,,,,,,,,,,,,,,,,,,,Spooner,,,,
1-to-4,232-Sp8-Cr22-0-20,Spooner,232,,5.91,6.1,1.045,1.663,0.416,2.487,1.442,0.133,0.25,0.288,-0.038,,,,,,,,,,,,,,,,,,,,,,,,Spooner,,,,
1-to-4,233-Sp8-Cr23-0-20,Spooner,233,,6.9,6.34,1.043,1.611,0.403,2.448,1.405,0.128,0.25,0.287,-0.037,,,,,,,,,,,,,,,,,,,,,,,,Spooner,,,,
1-to-4,234-Sp8-Cr24-0-20,Spooner,234,,6.45,6.16,1.032,1.639,0.41,2.47,1.438,0.123,0.25,0.285,-0.035,,,,,,,,,,,,,,,,,,,,,,,,Spooner,,,,
1-to-4,235-Sp9-Cr25-0-15,Spooner,235,,6.88,6.69,1.049,1.531,0.383,2.388,1.339,0.125,0.25,0.286,-0.036,,,,,,,,,,,,,,,,,,,,,,,,Spooner,,,,
1-to-4,236-Sp9-Cr26-0-20,Spooner,236,,7.2,6.55,1.044,1.611,0.403,2.446,1.402,0.13,0.25,0.287,-0.037,,,,,,,,,,,,,,,,,,,,,,,,Spooner,,,,
1-to-4,237-Sp9-Cr27-0-15,Spooner,237,,7.2,7.13,1.041,1.609,0.402,2.425,1.384,0.14,0.25,0.291,-0.041,,,,,,,,,,,,,,,,,,,,,,,,Spooner,,,,
1-to-4,238-Sp10-Cr28-0-20,Spooner,238,,5.48,5.77,1.066,1.612,0.403,2.485,1.419,0.12,0.25,0.284,-0.034,,,,,,,,,,,,,,,,,,,,,,,,Spooner,,,,
1-to-4,239-Sp10-Cr29-0-15,Spooner,239,,6.64,6.23,1.074,1.594,0.399,2.463,1.389,0.129,0.25,0.287,-0.037,,,,,,,,,,,,,,,,,,,,,,,,Spooner,,,,
1-to-4,240-Sp10-Cr30-0-20,Spooner,240,,5.74,5.93,1.033,1.591,0.398,2.43,1.397,0.122,0.25,0.285,-0.035,,,,,,,,,,,,,,,,,,,,,,,,Spooner,,,,
1-to-4,241-Sp-A-Hor-Fridge,,241,,,,1.036,1.531,0.383,2.531,1.495,0.024,0.25,0.256,-0.006,,,,,,,,,,,,,,,,,,,,,,,,Spooner,,,,
1-to-4,242-Sp-B-Hor-Fridge,,242,,,,1.066,1.621,0.405,2.678,1.612,0.006,0.25,0.251,-0.001,,,,,,,,,,,,,,,,,,,,,,,,Spooner,,,,
