Water.Soil.Ratio,Sample.ID,Sample.Num,Random.Num.1.to.65,Study,Sample.Number,DNA.Extr.pH.After.C1,DNA.Extr.pH.After.C2,Lab.CO2.pH.one2one,Lab.CO2.pH.one2two,Lab.CO2.pH.one2three,Lab.CO2.pH.one2four,High.CO2.pH.one2one,High.CO2.pH.one2two,High.CO2.pH.one2three,High.CO2.pH.one2four,Perc.Sand,Perc.Silt,Perc.Clay,Texture.Name,OM.perc,Scoop.Density.g.4.24.cc,Soil.pH,Sikora.pH,Total.N.perc,Total.Org.C.perc,Bray.1.P.ppm,K.ppm,K.perc.CEC,Ca.ppm,Ca.perc.CEC,Mg.ppm,Mg.perc.CEC,Na.ppm,Na.perc.CEC,Est.Ac.Hplus,Hplus.perc.CEC,CEC.sum,Date.of.Collection,Station.Name,St.pH.WSS,Site.Number,Upper.Depth.cm,Lower.Depth.cm
1-to-1,001-K1-0-17,1,24.3281016343251,Wisconsin,1,8.826,7.782,5.39,4.87,5.08,5.05,5.13,4.93,5.15,5.05,64,25.2,10.8,Sandy Loam,2.5,4.6,4.9,6.3,0.13,1.64,99,44,1,237,12,40,3,,0,8.6,87,9,8/23/2018,Kemp,5.4,1,0,17
1-to-1,002-K1-17-45,2,12.8977982485834,Wisconsin,2,9.121,7.996,5.36,5.2,5.34,5.22,5.1,5.33,5.44,5.36,68,21.2,10.8,Sandy Loam,1.3,5.36,5.4,6.5,0.09,0.71,101,41,1,194,13,32,4,,0,6.1,85,6,8/23/2018,Kemp,5.4,1,17,45
1-to-1,003-K1-45-60,3,4.44070639904776,Wisconsin,3,9.377,7.978,5.49,5.48,5.41,5.27,5.33,5.01,5.57,5.49,72,19.2,8.8,Sandy Loam,0.4,6.28,5.6,7.1,0.08,0.11,37,26,4,327,96,58,28,,0,0,0,1,8/23/2018,Kemp,5.4,1,45,60
,004-K2-Muck,4,48.6383119272862,,,,,,,,,,,,,,,,,,,,,,,,,,,,,,,,,,,,,,,,
1-to-1,005-K3-0-15,5,26.728685304787,Wisconsin,5,8.694,7.717,5.04,4.99,5.01,5.01,4.87,5.01,5.12,5.05,64,27.2,8.8,Sandy Loam,4,4.38,4.7,6.1,0.18,2.52,63,67,1,382,15,85,5,,0,10.9,84,13,8/23/2018,Kemp,5.4,3,0,15
1-to-1,006-K3-15-35,6,6.01819879625041,Wisconsin,6,9.032,7.902,5.34,5.28,5.16,4.98,5.2,5.22,5.3,5.28,60,31.2,8.8,Sandy Loam,1.5,5.05,5.1,6.4,0.12,0.77,40,57,2,170,11,39,4,,0,7,87,7,8/23/2018,Kemp,5.4,3,15,35
1-to-1,007-K3-35-50,7,46.8659277208133,Wisconsin,7,9.178,7.925,5.32,5.2,5.13,4.99,5.15,5.24,5.25,5.28,70,19.2,10.8,Sandy Loam,0.8,5.76,5.2,6.7,0.11,0.33,24,63,3,189,19,38,6,,0,4,78,4,8/23/2018,Kemp,5.4,3,35,50
1-to-1,008-K4-0-15,8,11.1941972668391,Wisconsin,8,8.648,7.734,5.07,4.87,4.77,4.6,4.74,4.91,4.94,4.95,78,15.2,6.8,Loamy Sand,2.5,4.89,4.5,6.1,0.13,1.63,18,42,1,122,5,22,2,,0,10.7,94,10,8/23/2018,Kemp,5.4,4,0,15
1-to-1,009-K4-15-30,9,17.7024564067913,Wisconsin,9,9.018,7.898,5.22,5.13,5.06,5.06,5.15,5.1,5.13,5.27,74,15.2,10.8,Sandy Loam,1.4,5.44,5,6.4,0.11,0.68,64,29,1,22,1,6,1,,0,7.3,98,6,8/23/2018,Kemp,5.4,4,15,30
1-to-1,010-K4-30-50,10,16.6870048248144,Wisconsin,10,9.146,7.934,5.31,5.03,4.99,4.83,4.98,4.91,5.11,5.05,72,15.2,12.8,Sandy Loam,0.8,5.51,4.4,6.5,0.11,0.34,16,23,1,22,2,5,1,,0,5.5,97,4,8/23/2018,Kemp,5.4,4,30,50
1-to-1,011-R1-0-27,11,16.6581765613432,Wisconsin,11,9.071,7.898,5.9,5.53,5.44,5.3,5.79,5.53,5.68,5.6,82,11.2,6.8,Loamy Sand,1.2,6.16,5.5,6.8,0.13,0.81,197,62,6,134,23,8,2,,0,2,71,2,8/24/2018,Rhinelander,5.5,1,0,27
1-to-1,012-R1-27-50,12,41.2052824923232,Wisconsin,12,9.462,7.937,5.65,5.6,5.52,5.5,5.51,5.65,5.74,5.69,94,1.2,4.8,Sand,0.2,6.4,5.9,7.3,0.11,0.05,39,47,23,81,77,5,8,,0,0,0,0,8/24/2018,Rhinelander,5.5,1,27,50
1-to-1,013-R1-50-70,13,32.6477083612011,Wisconsin,13,9.53,7.973,5.69,5.61,5.38,5.48,5.52,5.61,5.7,5.65,97.6,-0.4,2.8,Sand,0.2,6.48,5.9,7.4,0.07,0.01,25,35,28,47,72,3,8,,0,0,0,0,8/24/2018,Rhinelander,5.5,1,50,70
1-to-1,014-R2-0-30,14,41.4969645604897,Wisconsin,14,9.302,7.934,6.58,6.78,6.77,7.1,6.45,7.99,6.85,6.82,89.6,5.6,4.8,Sand,1.2,6.06,6.6,7.4,0.1,0.71,163,47,3,897,97,14,2,,0,0,0,3,8/24/2018,Rhinelander,5.5,2,0,30
1-to-1,015-R2-30-45,15,60.2876382145495,Wisconsin,15,9.418,8.04,6.01,5.94,5.87,5.8,5.77,6.52,6.23,6.1,93.6,1.6,4.8,Sand,0.3,6.59,6.6,7.4,0.07,0.06,47,23,8,139,92,3,3,,0,0,0,0,8/24/2018,Rhinelander,5.5,2,30,45
1-to-1,016-R2-45-60,16,32.4654698052229,Wisconsin,16,9.448,8.031,5.92,5.84,5.72,6.04,5.72,6.05,6.12,6.26,93.6,1.6,4.8,Sand,0.2,6.59,6.2,7.4,0.06,0.05,34,27,14,84,86,4,7,,0,0,0,0,8/24/2018,Rhinelander,5.5,2,45,60
1-to-1,017-R2-60-100,17,33.5040475095494,Wisconsin,17,9.542,7.987,5.95,5.93,5.91,6.17,5.83,6.14,6.25,6.36,95.6,1.6,2.8,Sand,0.1,6.51,6.5,7.5,0.06,0.04,26,28,14,85,86,3,5,,0,0,0,0,8/24/2018,Rhinelander,5.5,2,60,100
1-to-1,018-R3-0-20,18,32.4469692739716,Wisconsin,18,9.174,7.955,5.8,5.88,5.71,5.91,5.79,6.01,6.07,6.21,73.6,19.6,6.8,Sandy Loam,1.5,5.54,5.9,6.9,0.1,1.12,275,82,5,493,60,28,6,,0,1.4,35,3,8/24/2018,Rhinelander,5.5,3,0,20
1-to-1,019-R3-20-30,19,51.3533224900193,Wisconsin,19,9.24,7.951,5.59,5.56,5.44,5.48,5.57,5.66,5.72,5.68,77.6,15.6,6.8,Loamy Sand,0.7,5.81,5.8,6.9,0.09,0.32,89,57,9,139,45,16,8,,0,0.7,46,1,8/24/2018,Rhinelander,5.5,3,20,30
1-to-1,020-M1-0-31,20,10.9139396786809,Wisconsin,20,8.897,7.813,6.69,6.77,6.51,6.78,6.55,7.02,6.91,7.13,21.6,61.6,16.8,Silt Loam,3.3,4.02,7.1,7.3,0.24,1.95,33,94,3,1439,97,423,47,,0,0,0,8,9/7/2018,Marshfield,5.65,1,0,31
1-to-1,021-M1-31-50,21,38.7389089380018,Wisconsin,21,9.018,7.884,6.1,5.86,5.79,6.03,5.9,6.12,6.41,6.46,17.6,59.6,22.8,Silt Loam,1.1,4.62,6.7,7.1,0.11,0.31,18,54,2,1158,98,544,75,,0,0,0,5,9/7/2018,Marshfield,5.65,1,31,50
1-to-1,022-M1-50-70,22,55.04123253562,Wisconsin,22,8.737,7.635,5.36,5.21,5.15,5.1,5.18,5.36,5.33,5.36,29.6,37.6,32.8,Clay Loam,1,4.6,4.8,6.1,0.1,0.12,8,67,1,1281,37,633,30,,0,10.7,62,16,9/7/2018,Marshfield,5.65,1,50,70
1-to-1,023-M2-0-24,23,24.4826202778329,Wisconsin,23,8.92,7.734,6.61,6.99,6.8,7.03,6.59,7.2,7.15,7.08,19.6,63.6,16.8,Silt Loam,3,4.29,7.1,7.3,0.22,1.89,40,118,4,1446,96,428,47,,0,0,0,7,9/7/2018,Marshfield,5.65,2,0,24
1-to-1,024-M2-24-38,24,12.5342957316356,Wisconsin,24,9,7.894,6.66,6.6,6.47,6.79,6.54,7.03,6.87,6.9,39.6,39.6,20.8,Loam,0.9,4.91,7.1,7.2,0.08,0.2,10,70,3,1233,97,516,67,,0,0,0,5,9/7/2018,Marshfield,5.65,2,24,38
1-to-1,025-M2-38-55,25,31.5889554215066,Wisconsin,25,8.911,7.795,5.68,5.49,5.34,5.68,5.44,5.67,5.76,5.89,47.2,25.2,27.6,Sandy Clay Loam,0.8,4.8,5.2,6.7,0.1,0.06,10,90,2,1398,64,568,43,,0,3.7,34,10,9/7/2018,Marshfield,5.65,2,38,55
1-to-1,026-M3-0-15,26,44.4604785974873,Wisconsin,26,8.844,7.8,5.88,6.12,5.87,5.91,5.82,6.34,6.33,6.25,19.2,57.2,23.6,Silt Loam,3.6,3.87,5.5,6.7,0.22,2.2,35,147,4,1144,57,291,24,,0,4,39,11,9/7/2018,Marshfield,5.65,3,0,15
1-to-1,027-M3-15-30,27,0.328909929872219,Wisconsin,27,8.826,7.774,5.85,5.52,5.34,5.38,5.66,5.67,5.71,5.66,49.2,25.2,25.6,Sandy Clay Loam,0.8,4.77,5,6.6,0.08,0.26,18,59,1,1368,57,426,29,,0,4.9,41,11,9/7/2018,Marshfield,5.65,3,15,30
1-to-1,028-S-0-30,28,49.860115589119,Wisconsin,28,,,5.42,5.29,4.98,5.1,5.21,5.34,5.25,5.28,75.2,17.2,7.6,Sandy Loam,1.3,5.93,4.7,6.6,0.08,0.88,45,62,3,249,21,46,6,,0,4.6,76,4,11/3/2017,Spooner,5.8,,0,30
1-to-1,029-S-30-60,29,58.9078261120663,Wisconsin,29,,,5.69,5.65,5.44,5.44,5.5,5.6,5.62,5.54,81.2,7.2,11.6,Sandy Loam,0.6,6.08,5.5,7,0.08,0.16,25,120,10,500,85,93,26,,0,0.1,4,2,11/3/2017,Spooner,5.8,,30,60
1-to-1,030-H1-0-30,30,35.7622508016074,Wisconsin,30,9.364,7.894,6.4,6.76,6.76,7.03,6.28,7.07,6.92,7.17,87.2,7.2,5.6,Loamy Sand,1,6.25,7.3,7.5,0.12,0.89,106,58,5,612,95,159,41,,0,0,0,2,9/17/2018,Hancock,6.2,1,0,30
1-to-1,031-H1-30-40,31,44.6080343796137,Wisconsin,31,9.388,8.062,6.59,6.73,6.5,7.06,6.42,7.22,7.05,7.08,87.2,7.2,5.6,Loamy Sand,0.5,6.09,7.5,7.5,0.06,0.26,92,56,6,433,94,118,42,,0,0,0,2,9/17/2018,Hancock,6.2,1,30,40
1-to-1,032-H1-40-60,32,15.1559823790131,Wisconsin,32,9.412,8.079,6.39,6.69,6.53,6.84,6.25,7.21,6.95,6.99,85.2,7.2,7.6,Loamy Sand,0.4,6.1,7.4,7.5,0.06,0.1,73,53,8,323,92,101,47,,0,0,0,1,9/17/2018,Hancock,6.2,1,40,60
1-to-1,033-H2-0-30,33,42.6137389395295,Wisconsin,33,9.217,7.937,6.27,6.68,6.46,6.9,6.26,7.06,6.91,6.88,87.2,7.2,5.6,Loamy Sand,0.8,5.91,7.2,7.5,0.05,0.38,74,50,5,498,95,128,40,,0,0,0,2,9/17/2018,Hancock,6.2,2,0,30
1-to-1,034-H2-30-60,34,42.6139890186565,Wisconsin,34,9.4,7.996,6.2,7.03,6.62,6.96,6.13,7,6.88,6.88,87.2,5.2,7.6,Loamy Sand,0.4,6.04,7.2,7.5,0.03,0.1,85,40,7,280,93,96,52,,0,0,0,1,9/17/2018,Hancock,6.2,2,30,60
1-to-1,035-A249-0-35,35,36.6432494365909,Wisconsin,35,8.925,7.795,6.75,7.07,6.86,7.38,6.7,7.28,7.17,7.12,11.2,65.2,23.6,Silt Loam,3.6,4.07,7.2,7.3,0.21,2.23,28,78,2,1785,98,505,45,,0,0,0,10,8/31/2018,Arlington,6.5,249,0,35
1-to-1,036-A249-35-60,36,27.8448911961617,Wisconsin,36,8.911,7.83,6.55,6.85,6.8,7.19,6.66,7.25,7.1,6.98,1.2,67.6,31.2,Silty Clay Loam,1.7,4.42,7.3,7.2,0.15,0.7,13,68,2,1722,98,667,62,,0,0,0,8,8/31/2018,Arlington,6.5,249,35,60
1-to-1,037-A341-0-33,37,8.90930456818935,Wisconsin,37,8.858,7.72,6.76,6.93,6.81,7.15,6.67,7.31,7.11,7.04,25.2,51.6,23.2,Silt Loam,3.5,4.41,7.4,7.3,0.22,2.7,32,76,2,2014,98,527,42,,0,0,0,10,8/31/2018,Arlington,6.5,341,0,33
1-to-1,038-A341-33-55,38,25.2903317525326,Wisconsin,38,8.677,7.72,6.77,7.43,6.91,7.05,6.62,7.45,7.18,7.2,9.2,61.6,29.2,Silty Clay Loam,4.6,3.61,7.3,7.1,0.26,3.02,35,34,1,2071,99,530,42,,0,0,0,12,8/31/2018,Arlington,6.5,341,33,55
1-to-1,039-A341-55-75,39,64.1031302993267,Wisconsin,39,8.885,7.717,6.81,7.05,6.67,6.99,6.71,7.21,7.04,7.15,5.2,65.6,29.2,Silty Clay Loam,3.3,3.9,7.2,7.1,0.21,2.02,28,37,1,1652,99,514,50,,0,0,0,9,8/31/2018,Arlington,6.5,341,55,75
1-to-1,040-A341-75-85,40,18.8150852253523,Wisconsin,40,9.009,7.77,6.8,7.01,6.79,7.33,6.63,7.19,7.14,7.03,5.2,71.6,23.2,Silt Loam,1.7,4.3,7.2,7.1,0.1,0.83,9,39,2,980,98,574,94,,0,0,0,5,8/31/2018,Arlington,6.5,341,75,85
1-to-1,041-L2-0-23,41,9.64589377006121,Wisconsin,41,9.018,7.859,6.5,6.64,6.46,6.75,6.34,7.01,6.84,6.73,9.2,73.6,17.2,Silt Loam,2.6,4.17,7,7.3,0.22,1.71,14,72,3,1288,97,347,43,,0,0,0,7,8/30/2018,Lancaster,6.6,2,0,23
1-to-1,042-L2-23-45,42,32.6732055939013,Wisconsin,42,9.062,7.894,6.56,7.02,6.56,7.06,6.42,7.31,7.05,7.03,3.2,71.6,25.2,Silt Loam,1.3,4.53,7.3,7.3,0.13,0.55,9,62,2,1330,98,444,53,,0,0,0,6,8/30/2018,Lancaster,6.6,2,23,45
1-to-1,043-L3-0-12,43,26.7559458406294,Wisconsin,43,8.925,7.8,6.13,6.4,5.92,6.28,6.05,6.56,6.35,6.36,7.2,67.6,25.2,Silt,2.8,4.28,6.5,7.1,0.15,1.58,17,116,4,1502,96,470,49,,0,0,0,8,8/30/2018,Lancaster,6.6,3,0,12
1-to-1,044-L3-12-20,44,11.8239140573196,Wisconsin,44,8.849,7.747,6.22,6.37,6.1,6.18,5.94,6.72,6.45,6.39,5.2,65.6,29.2,Silty Clay Loam,2,4.42,6.7,7.1,0.14,0.82,10,78,2,1617,98,545,54,,0,0,0,8,8/30/2018,Lancaster,6.6,3,12,20
1-to-1,045-L3-20-40,45,57.8488063661338,Wisconsin,45,8.861,7.747,6.02,6.33,6.08,6.28,5.85,6.61,6.46,6.58,3.2,61.6,35.2,Silty Clay Loam,1.5,4.42,6.8,7,0.13,0.48,22,100,3,1984,97,723,58,,0,0,0,10,8/30/2018,Lancaster,6.6,3,20,40
1-to-1,046-L4-0-10,46,20.6198970289154,Wisconsin,46,8.915,7.795,5.88,6.35,5.87,5.98,5.73,6.22,6.14,6.23,9.2,71.6,19.2,Silt Loam,3.1,4.01,6.2,6.9,0.2,1.94,10,58,2,1193,87,264,32,,0,0.7,11,7,8/30/2018,Lancaster,6.6,4,0,10
1-to-1,047-L4-10-20,47,56.851455891563,Wisconsin,47,8.947,7.83,5.87,6.2,5.8,5.84,5.71,6.32,6.07,6.19,7.2,73.6,19.2,Silt,2.8,4.11,5.9,6.9,0.23,1.7,18,47,2,1074,74,209,24,,0,1.8,25,8,8/30/2018,Lancaster,6.6,4,10,20
1-to-1,048-L4-20-40,48,29.4476797589501,Wisconsin,48,9.036,7.859,5.75,6.02,5.65,5.82,5.61,6.21,6.03,6.13,8,71.6,20.4,Silt Loam,1.3,4.39,6.1,7,0.14,0.63,10,42,2,1053,98,184,28,,0,0,0,5,8/30/2018,Lancaster,6.6,4,20,40
,049-W3-Compost,49,13.1266797591067,,,,,,,,,,,,,,,,,,,,,,,,,,,,,,,,,,,,,,,,
1-to-1,050-W4-0-28,50,0.689532523627231,Wisconsin,50,8.84,7.747,6.63,6.74,6.68,6.84,6.34,7.02,6.98,6.88,34,41.6,24.4,Loam,3.1,4.62,6.9,7.2,0.22,1.99,8,72,2,1841,98,618,54,,0,0,0,9,8/31/2018,West Madison,6.7,4,0,28
1-to-1,051-W4-28-45,51,28.5094536007087,Wisconsin,51,9,7.871,6.44,6.7,6.74,6.93,6.43,6.93,7.06,6.65,42,29.6,28.4,Clay Loam,1.5,4.74,7,7.2,0.09,0.65,5,65,2,1574,98,669,68,,0,0,0,7,8/31/2018,West Madison,6.7,4,28,45
1-to-1,052-W4-45-55,52,16.9962106467399,Wisconsin,52,9.146,7.756,6.48,6.8,6.64,6.69,6.36,6.94,6.9,6.94,65.72580645,17.74193548,16.53225806,Sandy Loam,0.8,5.16,7,7.3,0.1,0.4,10,49,3,816,97,344,67,,0,0,0,3,8/31/2018,West Madison,6.7,4,45,55
1-to-1,053-W5-0-35,53,62.7124207268855,Wisconsin,53,8.773,7.774,6.06,6.43,5.93,6.25,5.96,6.82,6.37,6.51,8,65.6,26.4,Silt Loam,3.4,4.27,6.4,6.8,0.23,2.36,32,100,2,1656,77,448,34,,0,2.3,21,11,8/16/2018,West Madison,6.7,5,0,35
1-to-1,054-W5-35-65,54,24.4372620161653,Wisconsin,54,8.499,7.685,6.03,5.98,5.75,5.86,6.16,6.24,6.13,6.15,8,63.6,28.4,Silty Clay Loam,4.3,3.99,5.8,6.4,0.26,2.96,12,56,1,1524,50,392,21,,0,7.6,49,16,8/16/2018,West Madison,6.7,5,35,65
1-to-1,055-W7-0-15,55,10.6950776145776,Wisconsin,55,8.773,7.809,5.96,6.07,5.79,5.96,5.92,6.41,6.35,6.18,14,61.6,24.4,Silt Loam,2.9,4.35,6,6.9,0.25,2.03,28,71,2,1752,88,517,43,,0,1,10,10,8/16/2018,West Madison,6.7,7,0,15
1-to-1,056-W7-15-30,56,18.4696966341273,Wisconsin,56,8.879,7.809,5.83,5.93,5.53,5.65,5.65,6.14,5.92,5.93,4,67.6,28.4,Silty Clay Loam,1.9,4.22,5.6,6.8,0.15,1.04,9,45,1,1365,73,444,39,,0,2.4,26,9,8/16/2018,West Madison,6.7,7,15,30
1-to-1,057-P1-0-30,57,4.02904561554519,Wisconsin,57,9.174,7.951,6.59,6.74,6.84,6.77,6.44,7.04,7.15,6.93,64,23.6,12.4,Sandy Loam,1.5,5.04,6.9,7.4,0.12,1.15,78,140,8,843,92,197,35,,0,0,0,4,9/10/2018,Peninsular,7.2,1,0,30
1-to-1,058-P1-30-45,58,5.0513457754678,Wisconsin,58,9.196,7.93,6.66,6.95,6.49,6.91,6.3,7.28,6.95,6.63,66,15.6,18.4,Sandy Loam,0.7,5.37,7.1,7.4,0.1,0.33,11,84,6,702,94,217,48,,0,0,0,3,9/10/2018,Peninsular,7.2,1,30,45
1-to-1,059-P1-45-55,59,34.0228304780855,Wisconsin,59,9.341,8.022,6.56,6.84,6.44,6.74,6.33,7.2,6.9,6.84,70,17.6,12.4,Sandy Loam,0.5,5.64,7,7.4,0.07,0.17,19,54,5,554,95,165,46,,0,0,0,2,9/10/2018,Peninsular,7.2,1,45,55
1-to-1,060-P2-0-20,60,48.7765174046486,Wisconsin,60,9.08,7.919,6.83,7.31,7.13,7.44,6.89,7.57,7.33,7.44,52.8,28.8,18.4,Sandy Loam,2.8,4.75,7.5,7.5,0.18,2.47,12,75,3,1411,97,334,38,,0,0,0,6,9/10/2018,Peninsular,7.2,2,0,20
1-to-1,061-P2-20-45,61,52.4643219947872,Wisconsin,61,9.169,7.919,7.11,7.43,7.2,7.4,6.96,7.27,7.4,7.48,54.8,24.8,20.4,Sandy Clay Loam,1.2,5.11,7.6,7.5,0.11,3.31,14,45,2,1176,98,308,42,,0,0,0,5,9/10/2018,Peninsular,7.2,2,20,45
1-to-1,062-P2-45-55,62,14.1811120601929,Wisconsin,62,9.32,8.005,6.84,7.47,7.01,7.15,6.76,7.32,7.4,7.28,60.8,26.8,12.4,Sandy Loam,0.5,5.53,7.7,7.6,0.09,5.53,10,35,2,743,98,225,48,,0,0,0,3,9/10/2018,Peninsular,7.2,2,45,55
1-to-1,063-P4-0-25,63,59.2787642725101,Wisconsin,63,9.027,7.862,7.35,7.6,7.23,7.22,7.29,7.45,7.52,7.31,50.8,32.8,16.4,Loam,3.1,4.49,7.4,7.4,0.21,2.2,12,53,2,1433,98,359,40,,0,0,0,7,9/10/2018,Peninsular,7.2,4,0,25
1-to-1,064-P4-25-35,64,9.4986281692363,Wisconsin,64,9.071,7.88,6.83,7.65,7.24,7.22,6.79,7.56,7.5,7.38,50.8,28.8,20.4,Loam,1.9,4.63,7.5,7.4,0.12,1.56,12,45,2,1378,98,360,42,,0,0,0,6,9/10/2018,Peninsular,7.2,4,25,35
1-to-1,065-P4-35-50,65,30.2804199316291,Wisconsin,65,9.24,7.983,6.98,7.37,7.44,7.32,6.81,7.35,7.4,7.46,52.8,32.8,14.4,Sandy Loam,0.9,4.86,7.7,7.5,0.09,4.21,22,39,2,881,98,253,46,,0,0,0,4,9/10/2018,Peninsular,7.2,4,35,50
1-to-1,181-Sp11-Cr31-0-20,181,45.8768492476245,Spooner,181,9.08,7.916,6.8,6.46,6.38,6.4,6.31,6.73,7.1,6.74,,,,,,,,,,,,,,,,,,,,,,,,Spooner,,,,
1-to-1,182-Sp11-Cr32-0-16,182,14.8985488375439,Spooner,182,9.116,7.937,6.55,7.54,7.14,7.33,6.4,7.33,7.5,6.83,,,,,,,,,,,,,,,,,,,,,,,,Spooner,,,,
1-to-1,183-Sp11-Cr33-0-20,183,46.9540883073788,Spooner,183,9.133,7.96,6.76,6.55,6.01,6.25,6.85,6.45,6.58,6.4,,,,,,,,,,,,,,,,,,,,,,,,Spooner,,,,
1-to-1,184-Sp12-Cr34-0-16,184,12.5770639657579,Spooner,184,9.181,7.966,6.72,7.09,6.56,7.53,6.53,7.1,6.87,7.65,,,,,,,,,,,,,,,,,,,,,,,,Spooner,,,,
1-to-1,185-Sp12-Cr35-0-18,185,18.4420676699506,Spooner,185,9.11,7.937,6.26,6.63,6.37,6.46,6.16,6.8,6.54,6.78,,,,,,,,,,,,,,,,,,,,,,,,Spooner,,,,
1-to-1,186-Sp12-Cr36-0-20,186,56.3492261813039,Spooner,186,9.178,7.969,6.81,6.36,6.48,6.57,6.3,6.65,6.93,6.68,,,,,,,,,,,,,,,,,,,,,,,,Spooner,,,,
1-to-1,187-Sp13-Cr37-0-20,187,41.5130831510714,Spooner,187,9.139,7.978,6.22,6.56,6.59,6.5,6.08,6.58,6.89,6.64,,,,,,,,,,,,,,,,,,,,,,,,Spooner,,,,
1-to-1,188-Sp13-Cr38-0-20,188,61.0882225856304,Spooner,188,9.142,7.902,6.45,6.54,5.58,5.68,5.78,5.98,6.12,6.02,,,,,,,,,,,,,,,,,,,,,,,,Spooner,,,,
1-to-1,189-Sp13-Cr39-0-19,189,15.4833764406894,Spooner,189,9.156,7.889,6.09,6.93,6.63,6.35,5.92,6.9,7.02,6.85,,,,,,,,,,,,,,,,,,,,,,,,Spooner,,,,
1-to-1,190-Sp14-Cr40-0-17,190,41.5412715246532,Spooner,190,9.036,7.859,5.75,5.92,5.39,7.22,5.64,5.83,5.83,7.25,,,,,,,,,,,,,,,,,,,,,,,,Spooner,,,,
1-to-1,191-Sp14-Cr41-0-18,191,7.91733460499859,Spooner,191,9.057,7.877,5.63,5.54,5.45,5.44,5.5,5.59,5.79,5.92,,,,,,,,,,,,,,,,,,,,,,,,Spooner,,,,
1-to-1,192-Sp14-Cr42-0-20,192,39.8086920591934,Spooner,192,9.068,7.862,5.82,5.65,5.48,5.62,5.61,5.82,5.86,5.81,,,,,,,,,,,,,,,,,,,,,,,,Spooner,,,,
1-to-1,193-Sp15-Cr43-0-18,193,31.7075140316689,Spooner,193,9,7.848,5.77,5.72,5.04,5.16,6.22,5.75,5.53,5.45,,,,,,,,,,,,,,,,,,,,,,,,Spooner,,,,
1-to-1,194-Sp15-Cr44-0-17,194,40.341459990328,Spooner,194,8.929,7.836,5.19,5.14,4.85,4.93,5.03,5.32,5.26,5.17,,,,,,,,,,,,,,,,,,,,,,,,Spooner,,,,
1-to-1,195-Sp15-Cr45-0-20,195,44.5654115518971,Spooner,195,9.053,7.898,5.6,5.73,5.36,5.56,5.52,5.81,5.7,5.67,,,,,,,,,,,,,,,,,,,,,,,,Spooner,,,,
1-to-1,196-Sp16-Cr46-0-20,196,40.7481741023265,Spooner,196,9.21,7.919,6.44,6.54,6.6,6.54,6.42,6.51,6.69,6.64,,,,,,,,,,,,,,,,,,,,,,,,Spooner,,,,
1-to-1,197-Sp16-Cr47-0-17,197,23.5004252725191,Spooner,197,9.199,7.983,6.6,6.48,6.15,6.31,6.43,6.78,6.45,6.45,,,,,,,,,,,,,,,,,,,,,,,,Spooner,,,,
1-to-1,198-Sp16-Cr48-0-20,198,13.9060901568409,Spooner,198,9.124,8.001,7.03,6.49,6.04,6.56,6.71,6.36,6.38,6.78,,,,,,,,,,,,,,,,,,,,,,,,Spooner,,,,
1-to-1,199-Sp17-Cr49-0-20,199,28.6973291835916,Spooner,199,8.956,7.88,5.12,5.12,4.94,4.99,5.1,5.19,5.28,5.25,,,,,,,,,,,,,,,,,,,,,,,,Spooner,,,,
1-to-1,200-Sp17-Cr50-0-18,200,44.1820759738028,Spooner,200,9.062,7.877,5.9,5.6,5.21,5.65,6.03,5.7,5.64,5.8,,,,,,,,,,,,,,,,,,,,,,,,Spooner,,,,
1-to-1,201-Sp17-Cr51-0-18,201,9.9876301338621,Spooner,201,9.139,7.88,5.59,5.93,5.36,5.7,5.74,5.85,5.78,5.95,,,,,,,,,,,,,,,,,,,,,,,,Spooner,,,,
1-to-1,202-Sp18-Cr52-0-18,202,29.819794427691,Spooner,202,9.174,7.894,6.15,6.68,7.06,6.61,6.31,6.79,6.86,6.66,,,,,,,,,,,,,,,,,,,,,,,,Spooner,,,,
1-to-1,203-Sp18-Cr53-0-19,203,3.49461380892345,Spooner,203,9.196,7.894,6.37,7.23,6.94,6.93,6.31,7.14,6.89,6.9,,,,,,,,,,,,,,,,,,,,,,,,Spooner,,,,
1-to-1,204-Sp18-Cr54-0-20,204,27.2164489350779,Spooner,204,9.235,7.907,6.27,6.85,6.68,6.73,6.28,6.89,6.9,6.71,,,,,,,,,,,,,,,,,,,,,,,,Spooner,,,,
1-to-1,205-Sp19-Cr55-0-20,205,41.7106852448164,Spooner,205,9.053,7.88,6.91,5.69,5.38,5.62,7.04,5.66,5.76,6.12,,,,,,,,,,,,,,,,,,,,,,,,Spooner,,,,
1-to-1,206-Sp19-Cr56-0-18,206,8.37279822541514,Spooner,206,9.004,7.871,5.52,5.28,4.95,5.1,5.65,5.4,5.35,5.36,,,,,,,,,,,,,,,,,,,,,,,,Spooner,,,,
1-to-1,207-Sp19-Cr57-0-18,207,9.76226624859114,Spooner,207,9.121,7.884,6.22,6.2,6.2,6.57,6.06,6.58,6.37,6.56,,,,,,,,,,,,,,,,,,,,,,,,Spooner,,,,
1-to-1,208-Sp20-Cr58-0-20,208,33.985479735439,Spooner,208,9.164,7.912,6.27,6.8,6.29,6.23,6.05,7.08,6.22,6.3,,,,,,,,,,,,,,,,,,,,,,,,Spooner,,,,
1-to-1,209-Sp20-Cr59-0-19,209,2.68581290498146,Spooner,209,9.16,7.907,5.71,5.82,5.61,5.58,5.7,5.89,5.74,5.88,,,,,,,,,,,,,,,,,,,,,,,,Spooner,,,,
1-to-1,210-Sp20-Cr60-0-20,210,43.7011726247973,Spooner,210,9.092,7.934,6.06,5.83,5.75,5.84,5.94,6.05,6.11,6.1,,,,,,,,,,,,,,,,,,,,,,,,Spooner,,,,
1-to-1,211-Sp1-Cr1-0-20,211,42.6727513681534,Spooner,211,9,8.001,5.47,5.4,4.71,5.09,5.29,5.74,5.06,5.24,,,,,,,,,,,,,,,,,,,,,,,,Spooner,,,,
1-to-1,212-Sp1-Cr2-0-20,212,14.0512767582429,Spooner,212,9.181,8.056,5.05,5.17,4.95,4.94,5.01,5.27,5.34,5.05,,,,,,,,,,,,,,,,,,,,,,,,Spooner,,,,
1-to-1,213-Sp1-Cr3-0-20,213,29.0652744258359,Spooner,213,9.174,8.09,5.39,5.45,7.08,5.24,5.44,5.57,6.93,5.44,,,,,,,,,,,,,,,,,,,,,,,,Spooner,,,,
1-to-1,214-Sp2-Cr4-0-20,214,7.95532477116578,Spooner,214,9.27,8.072,5.69,7.66,6.02,5.75,5.8,7.38,6.19,5.93,,,,,,,,,,,,,,,,,,,,,,,,Spooner,,,,
1-to-1,215-Sp2-Cr5-0-20,215,25.2463277244635,Spooner,215,9.24,8.085,5.81,6.03,5.91,5.94,5.93,6.36,6.28,6.16,,,,,,,,,,,,,,,,,,,,,,,,Spooner,,,,
1-to-1,216-Sp2-Cr6-0-20,216,12.0010191038326,Spooner,216,9.21,8.076,5.45,5.49,5.42,5.36,5.49,5.66,5.58,5.54,,,,,,,,,,,,,,,,,,,,,,,,Spooner,,,,
1-to-1,217-Sp3-Cr7-0-20,217,19.4808839153994,Spooner,217,9.364,8.133,6.11,7.05,6.53,6.78,6.39,7.12,6.72,6.74,,,,,,,,,,,,,,,,,,,,,,,,Spooner,,,,
1-to-1,218-Sp3-Cr8-0-20,218,17.4160180635696,Spooner,218,9.352,8.156,6.54,6.86,6.57,7.06,6.9,6.98,6.85,6.43,,,,,,,,,,,,,,,,,,,,,,,,Spooner,,,,
1-to-1,219-Sp3-Cr9-0-20,219,29.8977884158947,Spooner,219,9.231,8.126,6.37,7.16,6.47,6.9,6.58,7.01,6.98,6.57,,,,,,,,,,,,,,,,,,,,,,,,Spooner,,,,
1-to-1,220-Sp4-Cr10-0-20,220,61.9130224949172,Spooner,220,9.306,8.097,6.66,6.03,6.15,6.91,6.94,6.28,6.47,6.37,,,,,,,,,,,,,,,,,,,,,,,,Spooner,,,,
1-to-1,221-Sp4-Cr11-0-20,221,45.2007929597865,Spooner,221,9.373,8.161,6.14,6.33,6.44,7.17,6.27,6.67,6.51,6.93,,,,,,,,,,,,,,,,,,,,,,,,Spooner,,,,
1-to-1,222-Sp4-Cr12-0-20,222,1.52399236629293,Spooner,222,9.364,8.168,6.1,6.73,6.38,7.2,6.5,6.47,6.54,6.51,,,,,,,,,,,,,,,,,,,,,,,,Spooner,,,,
1-to-1,223-Sp5-Cr13-0-20,223,20.8301125531283,Spooner,223,9.347,8.156,6.57,6.9,6.93,6.82,6.62,7.23,7.13,6.89,,,,,,,,,,,,,,,,,,,,,,,,Spooner,,,,
1-to-1,224-Sp5-Cr14-0-20,224,45.8178511692416,Spooner,224,9.306,8.143,6.16,6.45,6.37,6.56,6.33,6.57,6.56,6.25,,,,,,,,,,,,,,,,,,,,,,,,Spooner,,,,
1-to-1,225-Sp5-Cr15-0-20,225,38.5569629045585,Spooner,225,9.391,8.161,6.51,7.29,7.02,6.97,6.87,7.15,7.14,6.76,,,,,,,,,,,,,,,,,,,,,,,,Spooner,,,,
1-to-1,226-Sp6-Cr16-0-15,226,30.6500796439444,Spooner,226,9.324,8.076,6.59,6.94,6.78,7.41,6.81,7.24,6.98,7.14,,,,,,,,,,,,,,,,,,,,,,,,Spooner,,,,
1-to-1,227-Sp6-Cr17-0-20,227,7.42579158924062,Spooner,227,9.352,8.111,6.56,6.78,6.57,6.64,6.7,6.9,6.77,6.7,,,,,,,,,,,,,,,,,,,,,,,,Spooner,,,,
1-to-1,228-Sp6-Cr18-0-20,228,4.817751723894,Spooner,228,9.388,8.108,6.38,6.7,6.7,6.74,6.58,6.64,6.63,6.39,,,,,,,,,,,,,,,,,,,,,,,,Spooner,,,,
1-to-1,229-Sp7-Cr19-0-20,229,52.4416263377429,Spooner,229,9.133,8.067,5.09,4.95,4.84,4.8,5.04,5.11,5.09,4.95,,,,,,,,,,,,,,,,,,,,,,,,Spooner,,,,
1-to-1,230-Sp7-Cr20-0-20,230,62.2952503715427,Spooner,230,9.068,8.037,4.8,4.79,4.61,4.58,4.79,4.95,4.8,4.81,,,,,,,,,,,,,,,,,,,,,,,,Spooner,,,,
1-to-1,231-Sp7-Cr21-0-13,231,15.4548632035143,Spooner,231,9.178,8.076,6.28,7.38,5.42,5.8,6.36,7.58,5.72,5.89,,,,,,,,,,,,,,,,,,,,,,,,Spooner,,,,
1-to-1,232-Sp8-Cr22-0-20,232,24.012427701608,Spooner,232,9.281,8.126,6.24,6.74,5.81,5.91,6.18,6.56,6.12,6.1,,,,,,,,,,,,,,,,,,,,,,,,Spooner,,,,
1-to-1,233-Sp8-Cr23-0-20,233,32.4947450752927,Spooner,233,9.245,8.102,5.95,6.45,5.66,6.9,6.09,6.43,5.98,6.34,,,,,,,,,,,,,,,,,,,,,,,,Spooner,,,,
1-to-1,234-Sp8-Cr24-0-20,234,59.5934561118814,Spooner,234,9.299,8.138,5.99,6.04,5.82,6.45,6,6.18,6.12,6.16,,,,,,,,,,,,,,,,,,,,,,,,Spooner,,,,
1-to-1,235-Sp9-Cr25-0-15,235,44.2193408253994,Spooner,235,9.324,8.165,6.56,7.45,6.81,6.88,6.79,7.09,7.08,6.69,,,,,,,,,,,,,,,,,,,,,,,,Spooner,,,,
1-to-1,236-Sp9-Cr26-0-20,236,11.9915330195645,Spooner,236,9.235,7.925,6.34,6.8,6.91,7.2,6.55,6.9,6.83,6.55,,,,,,,,,,,,,,,,,,,,,,,,Spooner,,,,
1-to-1,237-Sp9-Cr27-0-15,237,11.69517136686,Spooner,237,9.169,7.93,6.93,6.89,7.57,7.2,6.73,7.21,6.89,7.13,,,,,,,,,,,,,,,,,,,,,,,,Spooner,,,,
1-to-1,238-Sp10-Cr28-0-20,238,24.1774678458919,Spooner,238,9.235,7.898,5.71,5.69,6.14,5.48,5.68,5.73,6.11,5.77,,,,,,,,,,,,,,,,,,,,,,,,Spooner,,,,
1-to-1,239-Sp10-Cr29-0-15,239,6.09473055393751,Spooner,239,9.053,7.925,5.86,5.96,6.11,6.64,5.97,6.01,6.01,6.23,,,,,,,,,,,,,,,,,,,,,,,,Spooner,,,,
1-to-1,240-Sp10-Cr30-0-20,240,38.3064056248738,Spooner,240,9.036,7.912,5.63,5.69,5.56,5.74,5.6,5.86,5.78,5.93,,,,,,,,,,,,,,,,,,,,,,,,Spooner,,,,
